uploaded,placements,parsimony,message,mutation_path,neighbour,neighbour_id,neighbour_clade,neighbour_lineage,neighbour_distance,neighbour_prot_mutations
UPLOAD|hCoV-19/USA/FL-CDC-STM-000040058/2021|EPI_ISL_4347267|2021-03-18,1,0,,"A23250G,C14288T,C170T,C2959T,C987T,G25403T,A22910T,G22859A,T987C,T25403G,A3349G,C9927T,A12948T,T18905C,G22449A,A26332T,C28718T,A28103T,C5948T,C23451A,G25403T,T14288C,C21701T,C27759A,C27839T,C27927T,A11343G,C14288T,G24255A,C4794T,C17362T,C18747T,C20011T,T21848A,A21846C,C5107T,C17577T,G29603T",hCoV-19/Colombia/BOY-INS-17422132569/2021,EPI_ISL_4197245,GH,B.1.621,0.0,"(Spike R346K,Spike D614G,NSP12 P323L,Spike E484K,NS3 Q57H,NSP6 Q160R,NSP13 P419S,NSP3 T237A,Spike D950N,N T205I,Spike Y144T,NSP13 P491S,Spike T95I,Spike ins145N,Spike P681H,NS3 V256I,Spike N501Y,NS8 T11K,NS8 S67F,NS8 P38S,NSP3 T720I,NSP4 T492I)"
UPLOAD|hCoV-19/USA/FL-CDC-STM-000048562/2021|EPI_ISL_4345910|2021-03-31,1,1,,"A23250G,C14288T,C170T,C2959T,C987T,G25403T,A22910T,G22859A,T987C,T25403G,A3349G,C9927T,A12948T,T18905C,G22449A,A26332T,C28718T,A28103T,C5948T,C23451A,G25403T,T14288C,C21701T,C27759A,C27839T,C27927T,A11343G,C14288T,G24255A,C4794T,C17362T,C18747T,C20011T,T21848A,A21846C,C5107T,C17577T,G29603T,T3512C",hCoV-19/Colombia/BOY-INS-17422132569/2021,EPI_ISL_4197245,GH,B.1.621,1.0,"(Spike R346K,Spike D614G,NSP12 P323L,Spike E484K,NS3 Q57H,NSP6 Q160R,NSP13 P419S,NSP3 T237A,Spike D950N,N T205I,Spike Y144T,NSP13 P491S,Spike T95I,Spike ins145N,Spike P681H,NS3 V256I,Spike N501Y,NS8 T11K,NS8 S67F,NS8 P38S,NSP3 T720I,NSP4 T492I)"
UPLOAD|hCoV-19/USA/FL-CDC-STM-000052088/2021|EPI_ISL_4346407|2021-04-08,1,3,,"A23250G,C14288T,C170T,C2959T,C987T,G25403T,A22910T,G22859A,T987C,T25403G,A3349G,C9927T,A12948T,T18905C,G22449A,A26332T,C28718T,A28103T,C5948T,C23451A,G25403T,T14288C,C21701T,C27759A,C27839T,C27927T,A11343G,C14288T,G24255A,C4794T,C17362T,C18747T,C20011T,T21848A,A21846C,C25548T,T28449A,A4038G,C7642T,C18438T",hCoV-19/USA/AR-CDC-4106635-001/2021,EPI_ISL_2179088,GH,B.1.621,8.0,"(Spike R346K,Spike D614G,NSP12 P323L,Spike E484K,NS3 Q57H,NSP6 Q160R,NSP13 P419S,NSP3 T237A,Spike D950N,N T205I,Spike Y144T,Spike T95I,Spike ins145N,Spike P681H,Spike Y145S,Spike N501Y,NS8 T11K,NS8 S67F,NS8 P38S,N E367Q,NSP3 T720I,NSP4 T492I)"
UPLOAD|hCoV-19/USA/FL-CDC-STM-000055588/2021|EPI_ISL_4346277|2021-04-13,2,13,Multiple parsimony-optimal placements found. Placement done without high confidence.,"A23250G,C14288T,C170T,C2959T,C987T,G25403T,A22910T,G22859A,T987C,T25403G,A3349G,C9927T,A12948T,T18905C,G22449A,A26332T,C28718T,A28103T,C5948T,C23451A,G25403T,T14288C,C21701T,C27759A,C27839T,C27927T,A11343G,C14288T,G24255A,C4794T,C17362T,C18747T,C20011T,T21848A,A21846C,C4711T,C11976A,A13599G,C14767T,C16091T,G16727T,G18018T,C19253T,C19820T,C24229T,G25334T,T27735C,G28961A",hCoV-19/USA/AR-CDC-4106635-001/2021,EPI_ISL_2179088,GH,B.1.621,16.0,"(Spike R346K,Spike D614G,NSP12 P323L,Spike E484K,NS3 Q57H,NSP6 Q160R,NSP13 P419S,NSP3 T237A,Spike D950N,N T205I,Spike Y144T,Spike T95I,Spike ins145N,Spike P681H,Spike Y145S,Spike N501Y,NS8 T11K,NS8 S67F,NS8 P38S,N E367Q,NSP3 T720I,NSP4 T492I)"
UPLOAD|hCoV-19/USA/FL-CDC-STM-000057513/2021|EPI_ISL_4346907|2021-04-15,1,1,,"A23250G,C14288T,C170T,C2959T,C987T,G25403T,A22910T,G22859A,T987C,T25403G,A3349G,C9927T,A12948T,T18905C,G22449A,A26332T,C28718T,A28103T,C5948T,C23451A,G25403T,T14288C,C21701T,C27759A,C27839T,C27927T,A11343G,C14288T,G24255A,C4794T,C17362T,C18747T,C20011T,T21848A,A21846C,C5107T,C17577T,G29603T,C266T,C16136T,C18888T,G21748A,C26206T,C29236T,T7678C",hCoV-19/USA/FL-CDC-ASC210249379/2021,EPI_ISL_3851401,GH,B.1.621,8.0,"(Spike R346K,E A41V,Spike D614G,NSP12 P323L,NSP14 P327S,Spike E484K,NSP6 Q160R,NSP13 P419S,NS3 Q57H,NSP3 T237A,Spike D950N,N T205I,NSP12 A176T,Spike D111N,NSP13 P491S,Spike Y144T,Spike T95I,NSP10 R134H,Spike ins145N,Spike P681H,Spike Y145S,NS3 V256I,N T379I,Spike N501Y,NS8 T11K,NSP5 A255V,NS8 S67F,NS8 P38S,NSP16 R255T,NSP3 T720I,Spike S1239N,NSP4 T492I)"
UPLOAD|hCoV-19/USA/FL-CDC-STM-000059910/2021|EPI_ISL_4346006|2021-04-19,2,8,Multiple parsimony-optimal placements found. Placement done without high confidence.,"A23250G,C14288T,C170T,C2959T,C987T,G25403T,A22910T,G22859A,T987C,T25403G,A3349G,C9927T,A12948T,T18905C,G22449A,A26332T,C28718T,A28103T,C5948T,C23451A,G25403T,T14288C,C21701T,C27759A,C27839T,C27927T,A11343G,C14288T,G24255A,C4794T,C17362T,C18747T,C20011T,T21848A,A21846C,C25548T,T28449A,A2118G,G10436T,C14283T,G19296T,C25339T,T25350C",hCoV-19/USA/AR-CDC-4106635-001/2021,EPI_ISL_2179088,GH,B.1.621,11.0,"(Spike R346K,Spike D614G,NSP12 P323L,Spike E484K,NS3 Q57H,NSP6 Q160R,NSP13 P419S,NSP3 T237A,Spike D950N,N T205I,Spike Y144T,Spike T95I,Spike ins145N,Spike P681H,Spike Y145S,Spike N501Y,NS8 T11K,NS8 S67F,NS8 P38S,N E367Q,NSP3 T720I,NSP4 T492I)"
UPLOAD|hCoV-19/USA/FL-CDC-STM-000060925/2021|EPI_ISL_4347239|2021-04-20,1,5,,"A23250G,C14288T,C170T,C2959T,C987T,G25403T,A22910T,G22859A,T987C,T25403G,A3349G,C9927T,A12948T,T18905C,G22449A,A26332T,C28718T,A28103T,C5948T,C23451A,G25403T,T14288C,C21701T,C27759A,C27839T,C27927T,A11343G,C14288T,G24255A,C4794T,C17362T,C18747T,C20011T,T21848A,A21846C,G25998A,A26001T,C18378T,C17156T,G27217T,G3635A,C4498T,T5303C,A25998G,T26001A",hCoV-19/USA/TN-CDC-ASC210245934/2021,EPI_ISL_4186863,GH,B.1.621,11.0,"(Spike R346K,Spike D614G,NSP12 P323L,NSP4 G105S,Spike E484K,NSP6 Q160R,NSP13 P419S,NS3 Q57H,NSP3 T237A,NSP13 R339L,Spike D950N,N T205I,NS6 E59D,Spike Y144T,NSP14 L157F,Spike T95I,Spike ins145N,Spike P681H,Spike Y145S,NS3 V256I,NSP13 S350L,Spike N501Y,NS8 T11K,NS8 S67F,NS8 P38S,NSP3 T720I,M M109I,NSP2 E19D,NSP4 T492I)"
UPLOAD|hCoV-19/USA/FL-CDC-STM-000063742/2021|EPI_ISL_4347338|2021-04-26,1,3,,"A23250G,C14288T,C170T,C2959T,C987T,G25403T,A22910T,G22859A,T987C,T25403G,A3349G,C9927T,A12948T,T18905C,G22449A,A26332T,C28718T,A28103T,C5948T,C23451A,G25403T,T14288C,C21701T,C27759A,C27839T,C27927T,A11343G,C14288T,G24255A,C4794T,C17362T,C18747T,C20011T,T21848A,A21846C,G25998A,A26001T,C24939T,T25506C,G27911T,C28351A,C7672T,C18378T,G18855A,A25998G,T26001A,T18845C,T22212C,T22732A",hCoV-19/Colombia/DC-INS-402923/2021,EPI_ISL_4212128,GH,B.1.621,10.0,"(Spike R346K,Spike D614G,NSP12 P323L,Spike E484K,NS3 Q57H,NSP13 P419S,NSP6 Q160R,NSP3 T237A,Spike D950N,N T205I,N Q83K,Spike Y144T,NSP12 H572Y,Spike T95I,Spike ins145N,Spike P681H,NS3 V256I,NS8 V62L,Spike N501Y,NS8 T11K,NS8 S67F,NS8 P38S,NSP3 T720I,NSP4 T492I,NS3 S92P)"
UPLOAD|hCoV-19/USA/FL-CDC-STM-000065083/2021|EPI_ISL_4346897|2021-04-26,1,0,,"A23250G,C14288T,C170T,C2959T,C987T,G25403T,A22910T,G22859A,T987C,T25403G,A3349G,C9927T,A12948T,T18905C,G22449A,A26332T,C28718T,A28103T,C5948T,C23451A,G25403T,T14288C,C21701T,C27759A,C27839T,C27927T,A11343G,C14288T,G24255A,C4794T,C17362T,C18747T,C20011T,T21848A,A21846C,C25548T,T28449A,G28193C",hCoV-19/USA/AR-CDC-4106635-001/2021,EPI_ISL_2179088,GH,B.1.621,6.0,"(Spike R346K,Spike D614G,NSP12 P323L,Spike E484K,NS3 Q57H,NSP6 Q160R,NSP13 P419S,NSP3 T237A,Spike D950N,N T205I,Spike Y144T,Spike T95I,Spike ins145N,Spike P681H,Spike Y145S,Spike N501Y,NS8 T11K,NS8 S67F,NS8 P38S,N E367Q,NSP3 T720I,NSP4 T492I)"
UPLOAD|hCoV-19/USA/FL-CDC-STM-000065443/2021|EPI_ISL_4346151|2021-04-28,1,3,,"A23250G,C14288T,C170T,C2959T,C987T,G25403T,A22910T,G22859A,T987C,T25403G,A3349G,C9927T,A12948T,T18905C,G22449A,A26332T,C28718T,A28103T,C5948T,C23451A,G25403T,T14288C,C21701T,C27759A,C27839T,C27927T,A11343G,C14288T,G24255A,C4794T,C17362T,C18747T,C20011T,T21848A,A21846C,G25998A,A26001T,A14880G,G16893T,C25292G,G22198T,C20870T,C29380T,A3300G,C19897T,T22198G,T25426C,A25998G,T26001A,T28084C,A28086C,C20939T,G1840A,C27228T",hCoV-19/Colombia/ANT-CWOHC-VG-SEC00276P/2021,EPI_ISL_1960082,GH,B.1.621,12.0,"(Spike R346K,Spike D614G,NSP12 P323L,Spike E484K,NSP13 E261D,NS3 Q57H,NSP6 Q160R,NSP13 P419S,NSP3 T237A,Spike D950N,N T205I,NSP16 T117I,Spike Y144T,NSP12 Y521C,Spike T95I,Spike ins145N,Spike P681H,Spike Y145S,NS3 V256I,Spike N501Y,NS8 T11K,NSP6 P44S,NS8 S67F,NS8 P38S,NSP3 T720I,NS3 I20M,NSP4 T492I)"
UPLOAD|hCoV-19/USA/FL-CDC-STM-000065452/2021|EPI_ISL_4346462|2021-04-28,1,2,,"A23250G,C14288T,C170T,C2959T,C987T,G25403T,A22910T,G22859A,T987C,T25403G,A3349G,C9927T,A12948T,T18905C,G22449A,A26332T,C28718T,A28103T,C5948T,C23451A,G25403T,T14288C,C21701T,C27759A,C27839T,C27927T,A11343G,C14288T,G24255A,C4794T,C17362T,C18747T,C20011T,T21848A,C16626A,G28209T,G7312T,C27315T,A21846C,C22077T",hCoV-19/Colombia/DC-INS-4271052727/2021,EPI_ISL_4198465,GH,B.1.621,2.0,"(Spike R346K,Spike D614G,NSP12 P323L,Spike E484K,NS3 Q57H,NSP6 Q160R,NSP13 P419S,NSP3 T237A,Spike D950N,N T205I,Spike Y144T,NS7a T28I,Spike T95I,Spike ins145N,Spike P681H,NSP13 P172H,NS3 V256I,Spike N501Y,NS8 T11K,NS8 S67F,NS8 P38S,NSP3 M1562I,NSP3 T720I,NSP4 T492I)"
UPLOAD|hCoV-19/USA/FL-CDC-STM-000066430/2021|EPI_ISL_4346253|2021-04-29,1,1,,"A23250G,C14288T,C170T,C2959T,C987T,G25403T,A22910T,G22859A,T987C,T25403G,A3349G,C9927T,A12948T,T18905C,G22449A,A26332T,C28718T,A28103T,C5948T,C23451A,G25403T,T14288C,C21701T,C27759A,C27839T,C27927T,A11343G,C14288T,G24255A,C4794T,C17362T,C18747T,C20011T,T21848A,A21846C,C25548T,T28449A,G28193C",hCoV-19/USA/AR-CDC-4106635-001/2021,EPI_ISL_2179088,GH,B.1.621,6.0,"(Spike R346K,Spike D614G,NSP12 P323L,Spike E484K,NS3 Q57H,NSP6 Q160R,NSP13 P419S,NSP3 T237A,Spike D950N,N T205I,Spike Y144T,Spike T95I,Spike ins145N,Spike P681H,Spike Y145S,Spike N501Y,NS8 T11K,NS8 S67F,NS8 P38S,N E367Q,NSP3 T720I,NSP4 T492I)"
UPLOAD|hCoV-19/USA/FL-CDC-STM-000066478/2021|EPI_ISL_4347221|2021-04-29,1,1,,"A23250G,C14288T,C170T,C2959T,C987T,G25403T,A22910T,G22859A,T987C,T25403G,A3349G,C9927T,A12948T,T18905C,G22449A,A26332T,C28718T,A28103T,C5948T,C23451A,G25403T,T14288C,C21701T,C27759A,C27839T,C27927T,A11343G,C14288T,G24255A,C4794T,C17362T,C18747T,C20011T,T21848A,A21846C,C5107T,C17577T,A6613G,C9018T,T22236A,G26007T,C20265T,C28488T,T29572C,T26007G,G6556A",hCoV-19/USA/IA-SHL-1771783/2021,EPI_ISL_3672676,GH,B.1.621.1,2.0,"(Spike R346K,Spike D614G,NSP12 P323L,Spike E484K,NSP3 N1329D,NS3 N257H,NS3 Q57H,NSP6 Q160R,NSP13 P419S,NSP3 T237A,Spike D950N,N T205I,NS3 V259L,NSP4 T189I,NSP13 P491S,Spike Y144T,Spike T95I,Spike ins145N,Spike P681H,NSP15 S261L,NS3 V256I,Spike N501Y,NS8 T11K,NS8 S67F,NS8 P38S,NSP3 T720I,NSP4 T492I)"
UPLOAD|hCoV-19/USA/FL-CDC-STM-000066491/2021|EPI_ISL_4346694|2021-04-29,1,1,,"A23250G,C14288T,C170T,C2959T,C987T,G25403T,A22910T,G22859A,T987C,T25403G,A3349G,C9927T,A12948T,T18905C,G22449A,A26332T,C28718T,A28103T,C5948T,C23451A,G25403T,T14288C,C21701T,C27759A,C27839T,C27927T,A11343G,C14288T,G24255A,C4794T,C17362T,C18747T,C20011T,T21848A,A21846C,C25548T,T28449A,G28193C,T21745C",hCoV-19/USA/AR-CDC-4106635-001/2021,EPI_ISL_2179088,GH,B.1.621,7.0,"(Spike R346K,Spike D614G,NSP12 P323L,Spike E484K,NS3 Q57H,NSP6 Q160R,NSP13 P419S,NSP3 T237A,Spike D950N,N T205I,Spike Y144T,Spike T95I,Spike ins145N,Spike P681H,Spike Y145S,Spike N501Y,NS8 T11K,NS8 S67F,NS8 P38S,N E367Q,NSP3 T720I,NSP4 T492I)"
UPLOAD|hCoV-19/USA/FL-CDC-STM-000066765/2021|EPI_ISL_4346825|2021-05-01,1,0,,"A23250G,C14288T,C170T,C2959T,C987T,G25403T,A22910T,G22859A,T987C,T25403G,A3349G,C9927T,A12948T,T18905C,G22449A,A26332T,C28718T,A28103T,C5948T,C23451A,G25403T,T14288C,C21701T,C27759A,C27839T,C27927T,A11343G,C14288T,G24255A,C4794T,C17362T,C18747T,C20011T,T21848A,A21846C,G25998A,A26001T,A14880G,G16893T,C25292G,G22198T,C20870T,C29380T,A3300G,C19897T,T22198G,T25426C,A25998G,T26001A,T28084C,A28086C",hCoV-19/Colombia/ANT-CWOHC-VG-SEC00276P/2021,EPI_ISL_1960082,GH,B.1.621,9.0,"(Spike R346K,Spike D614G,NSP12 P323L,Spike E484K,NSP13 E261D,NS3 Q57H,NSP6 Q160R,NSP13 P419S,NSP3 T237A,Spike D950N,N T205I,NSP16 T117I,Spike Y144T,NSP12 Y521C,Spike T95I,Spike ins145N,Spike P681H,Spike Y145S,NS3 V256I,Spike N501Y,NS8 T11K,NSP6 P44S,NS8 S67F,NS8 P38S,NSP3 T720I,NS3 I20M,NSP4 T492I)"
UPLOAD|hCoV-19/USA/FL-CDC-STM-000067574/2021|EPI_ISL_4345859|2021-05-02,1,2,,"A23250G,C14288T,C170T,C2959T,C987T,G25403T,A22910T,G22859A,T987C,T25403G,A3349G,C9927T,A12948T,T18905C,G22449A,A26332T,C28718T,A28103T,C5948T,C23451A,G25403T,T14288C,C21701T,C27759A,C27839T,C27927T,A11343G,C14288T,G24255A,C4794T,C17362T,C18747T,C20011T,T21848A,A21846C,G15121T,G25115T",hCoV-19/USA/AR-CDC-4106635-001/2021,EPI_ISL_2179088,GH,B.1.621,5.0,"(Spike R346K,Spike D614G,NSP12 P323L,Spike E484K,NS3 Q57H,NSP6 Q160R,NSP13 P419S,NSP3 T237A,Spike D950N,N T205I,Spike Y144T,Spike T95I,Spike ins145N,Spike P681H,Spike Y145S,Spike N501Y,NS8 T11K,NS8 S67F,NS8 P38S,N E367Q,NSP3 T720I,NSP4 T492I)"
UPLOAD|hCoV-19/USA/FL-CDC-STM-000067710/2021|EPI_ISL_4346123|2021-05-02,1,1,,"A23250G,C14288T,C170T,C2959T,C987T,G25403T,A22910T,G22859A,T987C,T25403G,A3349G,C9927T,A12948T,T18905C,G22449A,A26332T,C28718T,A28103T,C5948T,C23451A,G25403T,T14288C,C21701T,C27759A,C27839T,C27927T,A11343G,C14288T,G24255A,C4794T,C17362T,C18747T,C20011T,T21848A,A21846C,C5107T,C17577T,A6613G,C9018T,T22236A,G26007T,C20265T,C28488T,T29572C,G27920T,T26007G,C2431T",hCoV-19/USA/FL-CDC-ASC210247163/2021,EPI_ISL_3851709,GH,B.1.621.1,4.0,"(Spike R346K,Spike D614G,NSP12 P323L,NSP3 N1329D,Spike E484K,NS3 N257H,NSP6 Q160R,NSP13 P419S,NS3 Q57H,NSP3 T237A,Spike D950N,N T205I,NS3 V259L,NSP4 T189I,NSP13 P491S,Spike Y144T,Spike T95I,Spike ins145N,Spike P681H,NSP15 S261L,Spike Y145S,NS3 V256I,Spike N501Y,NS8 T11K,NS8 S67F,NS8 P38S,NSP3 T720I,NS8 A65S,NSP4 T492I)"
UPLOAD|hCoV-19/USA/FL-CDC-STM-000067854/2021|EPI_ISL_4346914|2021-04-30,1,0,,"A23250G,C14288T,C170T,C2959T,C987T,G25403T,A22910T,G22859A,T987C,T25403G,A3349G,C9927T,A12948T,T18905C,G22449A,A26332T,C28718T,A28103T,C5948T,C23451A,G25403T,T14288C,C21701T,C27759A,C27839T,C27927T,A11343G,C14288T,G24255A,C4794T,C17362T,C18747T,C20011T,T21848A,A21846C,G25998A,A26001T,A14880G,G16893T,C25292G,G22198T,C20870T,C29380T,A3300G,C19897T,T22198G,T25426C,A25998G,T26001A,T28084C,A28086C,C20939T,G1840A,C27228T",hCoV-19/Colombia/ANT-CWOHC-VG-SEC00276P/2021,EPI_ISL_1960082,GH,B.1.621,12.0,"(Spike R346K,Spike D614G,NSP12 P323L,Spike E484K,NSP13 E261D,NS3 Q57H,NSP6 Q160R,NSP13 P419S,NSP3 T237A,Spike D950N,N T205I,NSP16 T117I,Spike Y144T,NSP12 Y521C,Spike T95I,Spike ins145N,Spike P681H,Spike Y145S,NS3 V256I,Spike N501Y,NS8 T11K,NSP6 P44S,NS8 S67F,NS8 P38S,NSP3 T720I,NS3 I20M,NSP4 T492I)"
UPLOAD|hCoV-19/USA/FL-CDC-STM-000068394/2021|EPI_ISL_4346243|2021-05-03,1,0,,"A23250G,C14288T,C170T,C2959T,C987T,G25403T,A22910T,G22859A,T987C,T25403G,A3349G,C9927T,A12948T,T18905C,G22449A,A26332T,C28718T,A28103T,C5948T,C23451A,G25403T,T14288C,C21701T,C27759A,C27839T,C27927T,A11343G,C14288T,G24255A,C4794T,C17362T,C18747T,C20011T,T21848A,A21846C,G25998A,A26001T,A14880G,G16893T,C25292G,G22198T,C20870T,C29380T,A3300G,C19897T,T22198G,T25426C,A25998G,T26001A,T28084C,A28086C,C20939T,G1840A,C27228T",hCoV-19/Colombia/ANT-CWOHC-VG-SEC00276P/2021,EPI_ISL_1960082,GH,B.1.621,12.0,"(Spike R346K,Spike D614G,NSP12 P323L,Spike E484K,NSP13 E261D,NS3 Q57H,NSP6 Q160R,NSP13 P419S,NSP3 T237A,Spike D950N,N T205I,NSP16 T117I,Spike Y144T,NSP12 Y521C,Spike T95I,Spike ins145N,Spike P681H,Spike Y145S,NS3 V256I,Spike N501Y,NS8 T11K,NSP6 P44S,NS8 S67F,NS8 P38S,NSP3 T720I,NS3 I20M,NSP4 T492I)"
UPLOAD|hCoV-19/USA/FL-CDC-STM-000068464/2021|EPI_ISL_4346440|2021-05-03,2,5,Multiple parsimony-optimal placements found. Placement done without high confidence.,"A23250G,C14288T,C170T,C2959T,C987T,G25403T,A22910T,G22859A,T987C,T25403G,A3349G,C9927T,A12948T,T18905C,G22449A,A26332T,C28718T,A28103T,C5948T,C23451A,G25403T,T14288C,C21701T,C27759A,C27839T,C27927T,A11343G,C14288T,G24255A,C4794T,C17362T,C18747T,C20011T,T21848A,A21846C,G25998A,A26001T,A14880G,G16893T,C25292G,G4475A,C5253T,C24709T,A25998G,T26001A",hCoV-19/Colombia/DC-INS-1911803/2021,EPI_ISL_4212169,GH,B.1.621,6.0,"(Spike R346K,Spike D614G,NSP12 P323L,Spike E484K,NSP13 E261D,NS3 Q57H,NSP6 Q160R,NSP13 P419S,NSP3 T237A,Spike D950N,N T205I,Spike Y144T,NSP12 Y521C,Spike T95I,Spike ins145N,Spike P681H,NS3 V256I,Spike N501Y,NS8 T11K,NS8 S67F,NS8 P38S,Spike T572I,NSP3 T720I,NS3 I20M,NSP4 T492I)"
UPLOAD|hCoV-19/USA/FL-CDC-STM-000068715/2021|EPI_ISL_4345983|2021-05-04,1,3,,"A23250G,C14288T,C170T,C2959T,C987T,G25403T,A22910T,G22859A,T987C,T25403G,A3349G,C9927T,A12948T,T18905C,G22449A,A26332T,C28718T,A28103T,C5948T,C23451A,G25403T,T14288C,C21701T,C27759A,C27839T,C27927T,A11343G,C14288T,G24255A,C4794T,C17362T,C18747T,C20011T,T21848A,A21846C,G25998A,A26001T,G29229T,G25115T,G27597T,T19449C,C16091T,A25998G,T26001A",hCoV-19/Peru/LIM-INS-2687/2021,EPI_ISL_3654106,GH,B.1.621,5.0,"(Spike R346K,Spike Y144S,N D377Y,Spike D614G,NSP12 P323L,Spike E484K,Spike Y145N,NSP6 Q160R,NSP13 P419S,NS3 Q57H,NSP3 T237A,Spike D950N,N T205I,NSP1 H83del,Spike M1237I,NS7b E3stop,Spike T95I,Spike P681H,NS3 V256I,NSP1 V84del,NSP1 M85del,Spike N501Y,NSP4 T96I,NS8 T11K,NSP1 V86del,NSP1 G82del,NS8 S67F,NS8 P38S,NSP3 T720I,NSP4 T492I)"
UPLOAD|hCoV-19/USA/FL-CDC-STM-000069390/2021|EPI_ISL_4347405|2021-05-04,1,5,,"A23250G,C14288T,C170T,C2959T,C987T,G25403T,A22910T,G22859A,T987C,T25403G,A3349G,C9927T,A12948T,T18905C,G22449A,A26332T,C28718T,A28103T,C5948T,C23451A,G25403T,T14288C,C21701T,C27759A,C27839T,C27927T,A11343G,C14288T,G24255A,C4794T,C17362T,C18747T,C20011T,T21848A,A21846C,G25998A,A26001T,A14880G,G16893T,C25292G,G22198T,C20870T,C29380T,A3300G,C19897T,T22198G,T25426C,A25998G,T26001A,T28084C,A28086C,C20939T,T14586C,G17960T,A24255G,T27927C,C29459T",hCoV-19/Colombia/ANT-CWOHC-VG-SEC00276P/2021,EPI_ISL_1960082,GH,B.1.621,15.0,"(Spike R346K,Spike D614G,NSP12 P323L,Spike E484K,NSP13 E261D,NS3 Q57H,NSP6 Q160R,NSP13 P419S,NSP3 T237A,Spike D950N,N T205I,NSP16 T117I,Spike Y144T,NSP12 Y521C,Spike T95I,Spike ins145N,Spike P681H,Spike Y145S,NS3 V256I,Spike N501Y,NS8 T11K,NSP6 P44S,NS8 S67F,NS8 P38S,NSP3 T720I,NS3 I20M,NSP4 T492I)"
UPLOAD|hCoV-19/USA/FL-CDC-STM-000069656/2021|EPI_ISL_4346564|2021-05-05,1,2,,"A23250G,C14288T,C170T,C2959T,C987T,G25403T,A22910T,G22859A,T987C,T25403G,A3349G,C9927T,A12948T,T18905C,G22449A,A26332T,C28718T,A28103T,C5948T,C23451A,G25403T,T14288C,C21701T,C27759A,C27839T,C27927T,A11343G,C14288T,G24255A,C4794T,C17362T,C18747T,C20011T,T21848A,A21846C,G25998A,A26001T,G3892A,C12404T,C24849T,A25998G,T26001A",hCoV-19/USA/GA-CDC-4216679-001/2021,EPI_ISL_4193687,GH,B.1.621,4.0,"(Spike R346K,NSP1 V5I,Spike D614G,NSP12 P323L,Spike E484K,NSP13 H290Y,NSP6 Q160R,NSP13 P419S,NS3 Q57H,NSP3 T237A,NSP3 E419K,Spike D950N,N T205I,NSP8 T141M,Spike Y144T,Spike T95I,Spike ins145N,Spike P681H,Spike Y145S,NS3 V256I,Spike N501Y,NS8 T11K,NS8 S67F,NS8 P38S,NSP3 T720I,NSP4 T492I)"
UPLOAD|hCoV-19/USA/FL-CDC-STM-000070794/2021|EPI_ISL_4346017|2021-05-07,1,8,,"A23250G,C14288T,C170T,C2959T,C987T,G25403T,A22910T,G22859A,T987C,T25403G,A3349G,C9927T,A12948T,T18905C,G22449A,A26332T,C28718T,A28103T,C5948T,C23451A,G25403T,T14288C,C21701T,C27759A,C27839T,C27927T,A11343G,C14288T,G24255A,C4794T,C17362T,C18747T,C20011T,T21848A,A21846C,G25998A,A26001T,A14880G,G16893T,C25292G,G22198T,C20870T,C29380T,A3300G,C19897T,T22198G,T25426C,A25998G,T26001A,T28084C,A28086C",hCoV-19/Colombia/ANT-CWOHC-VG-SEC00276P/2021,EPI_ISL_1960082,GH,B.1.621,9.0,"(Spike R346K,Spike D614G,NSP12 P323L,Spike E484K,NSP13 E261D,NS3 Q57H,NSP6 Q160R,NSP13 P419S,NSP3 T237A,Spike D950N,N T205I,NSP16 T117I,Spike Y144T,NSP12 Y521C,Spike T95I,Spike ins145N,Spike P681H,Spike Y145S,NS3 V256I,Spike N501Y,NS8 T11K,NSP6 P44S,NS8 S67F,NS8 P38S,NSP3 T720I,NS3 I20M,NSP4 T492I)"
UPLOAD|hCoV-19/USA/FL-CDC-STM-000070953/2021|EPI_ISL_4347013|2021-05-05,1,4,,"A23250G,C14288T,C170T,C2959T,C987T,G25403T,A22910T,G22859A,T987C,T25403G,A3349G,C9927T,A12948T,T18905C,G22449A,A26332T,C28718T,A28103T,C5948T,C23451A,G25403T,T14288C,C21701T,C27759A,C27839T,C27927T,A11343G,C14288T,G24255A,C4794T,C17362T,C18747T,C20011T,T21848A,A21846C,G25998A,A26001T,A14880G,C18905T,T17996A,A17832G,A24255G,A25998G,T26001A,T27927C",hCoV-19/USA/FL-CDC-ASC210237547/2021,EPI_ISL_3821892,GH,B.1.621,7.0,"(Spike R346K,Spike D614G,NSP12 P323L,Spike E484K,NS3 Q57H,NSP6 Q160R,NSP13 P419S,NSP3 T237A,Spike D950N,N T205I,NSP13 M576V,Spike Y144T,NSP12 Y521C,Spike T95I,Spike ins145N,Spike P681H,Spike Y145S,NS3 V256I,NS7a T14I,Spike N501Y,NS8 T11K,NS8 S67F,NS8 P38S,NSP3 T720I,NSP4 T492I)"
UPLOAD|hCoV-19/USA/FL-CDC-STM-000071136/2021|EPI_ISL_4347217|2021-05-07,1,2,,"A23250G,C14288T,C170T,C2959T,C987T,G25403T,A22910T,G22859A,T987C,T25403G,A3349G,C9927T,A12948T,T18905C,G22449A,A26332T,C28718T,A28103T,C5948T,C23451A,G25403T,T14288C,C21701T,C27759A,C27839T,C27927T,A11343G,C14288T,G24255A,C4794T,C17362T,C18747T,C20011T,T21848A,A21846C,G25998A,A26001T,A14880G,G16893T,C25292G,G22198T,C20870T,C29380T,A3300G,C19897T,T22198G,T25426C,A25998G,T26001A,T28084C,A28086C,G14880A,A22859G",hCoV-19/Colombia/ANT-CWOHC-VG-SEC00276P/2021,EPI_ISL_1960082,GH,B.1.621,11.0,"(Spike R346K,Spike D614G,NSP12 P323L,Spike E484K,NSP13 E261D,NS3 Q57H,NSP6 Q160R,NSP13 P419S,NSP3 T237A,Spike D950N,N T205I,NSP16 T117I,Spike Y144T,NSP12 Y521C,Spike T95I,Spike ins145N,Spike P681H,Spike Y145S,NS3 V256I,Spike N501Y,NS8 T11K,NSP6 P44S,NS8 S67F,NS8 P38S,NSP3 T720I,NS3 I20M,NSP4 T492I)"
UPLOAD|hCoV-19/USA/FL-CDC-STM-000071406/2021|EPI_ISL_4345862|2021-05-10,1,5,,"A23250G,C14288T,C170T,C2959T,C987T,G25403T,A22910T,G22859A,T987C,T25403G,A3349G,C9927T,A12948T,T18905C,G22449A,A26332T,C28718T,A28103T,C5948T,C23451A,G25403T,T14288C,C21701T,C27759A,C27839T,C27927T,A11343G,C14288T,G24255A,C4794T,C17362T,C18747T,C20011T,T21848A,A21846C,G25998A,A26001T,C25548T,T28449A,G2867A,C7671T,G19348T,A25936G,C3094A,A8018G,C22332T,A25998G,T26001A",hCoV-19/USA/FL-CDC-LC0099060/2021,EPI_ISL_3430997,GH,B.1.621,10.0,"(Spike R346K,NS3 K235R,NSP3 Q152K,Spike D614G,NSP12 P323L,NSP14 T97I,Spike E484K,NSP6 Q160R,NSP13 P419S,NS3 Q57H,NSP3 T237A,Spike D950N,N T205I,NSP3 G76S,NS3 L106F,NSP3 S1682F,Spike Y144T,Spike T95I,Spike ins145N,Spike P681H,Spike Y145S,NS3 V256I,Spike N501Y,NS8 T11K,NSP14 G481V,NS8 S67F,NS8 P38S,NSP3 T720I,NSP4 T492I)"
UPLOAD|hCoV-19/USA/FL-CDC-STM-000071703/2021|EPI_ISL_4347114|2021-05-06,1,3,,"A23250G,C14288T,C170T,C2959T,C987T,G25403T,A22910T,G22859A,T987C,T25403G,A3349G,C9927T,A12948T,T18905C,G22449A,A26332T,C28718T,A28103T,C5948T,C23451A,G25403T,T14288C,C21701T,C27759A,C27839T,C27927T,A11343G,C14288T,G24255A,C4794T,C17362T,C18747T,C20011T,T21848A,A21846C,C5107T,C17577T,G29603T,A24811T,A5808G,G8084A,C25568T",hCoV-19/Colombia/DC-INS-273920/2021,EPI_ISL_4212173,GH,B.1.621,5.0,"(Spike R346K,Spike D614G,NSP12 P323L,Spike E484K,NS3 Q57H,NSP6 Q160R,NSP13 P419S,NSP3 T237A,Spike D950N,N T205I,Spike Y144T,NSP13 P491S,Spike T1136S,Spike T95I,Spike ins145N,Spike P681H,NS3 V256I,Spike N501Y,NS8 T11K,NS8 S67F,NS8 P38S,NSP3 T720I,NSP4 T492I)"
UPLOAD|hCoV-19/USA/FL-CDC-STM-000072190/2021|EPI_ISL_4346840|2021-05-09,1,5,,"A23250G,C14288T,C170T,C2959T,C987T,G25403T,A22910T,G22859A,T987C,T25403G,A3349G,C9927T,A12948T,T18905C,G22449A,A26332T,C28718T,A28103T,C5948T,C23451A,G25403T,T14288C,C21701T,C27759A,C27839T,C27927T,A11343G,C14288T,G24255A,C4794T,C17362T,C18747T,C20011T,T21848A,A21846C,G1390T,C2517T,A5860C,T17362C,A27886G",hCoV-19/USA/AR-CDC-4106635-001/2021,EPI_ISL_2179088,GH,B.1.621,8.0,"(Spike R346K,Spike D614G,NSP12 P323L,Spike E484K,NS3 Q57H,NSP6 Q160R,NSP13 P419S,NSP3 T237A,Spike D950N,N T205I,Spike Y144T,Spike T95I,Spike ins145N,Spike P681H,Spike Y145S,Spike N501Y,NS8 T11K,NS8 S67F,NS8 P38S,N E367Q,NSP3 T720I,NSP4 T492I)"
UPLOAD|hCoV-19/USA/FL-CDC-STM-000072255/2021|EPI_ISL_4346119|2021-05-11,1,1,,"A23250G,C14288T,C170T,C2959T,C987T,G25403T,A22910T,G22859A,T987C,T25403G,A3349G,C9927T,A12948T,T18905C,G22449A,A26332T,C28718T,A28103T,C5948T,C23451A,G25403T,T14288C,C21701T,C27759A,C27839T,C27927T,A11343G,C14288T,G24255A,C4794T,C17362T,C18747T,C20011T,T21848A,A21846C,C5107T,C17577T,A6613G,C9018T,T22236A,G26007T,C20265T,C28488T,T29572C,G27920T,T26007G",hCoV-19/USA/FL-CDC-ASC210247163/2021,EPI_ISL_3851709,GH,B.1.621.1,3.0,"(Spike R346K,Spike D614G,NSP12 P323L,NSP3 N1329D,Spike E484K,NS3 N257H,NSP6 Q160R,NSP13 P419S,NS3 Q57H,NSP3 T237A,Spike D950N,N T205I,NS3 V259L,NSP4 T189I,NSP13 P491S,Spike Y144T,Spike T95I,Spike ins145N,Spike P681H,NSP15 S261L,Spike Y145S,NS3 V256I,Spike N501Y,NS8 T11K,NS8 S67F,NS8 P38S,NSP3 T720I,NS8 A65S,NSP4 T492I)"
UPLOAD|hCoV-19/USA/FL-CDC-STM-000072541/2021|EPI_ISL_4346391|2021-05-09,1,0,,"A23250G,C14288T,C170T,C2959T,C987T,G25403T,A22910T,G22859A,T987C,T25403G,A3349G,C9927T,A12948T,T18905C,G22449A,A26332T,C28718T,A28103T,C5948T,C23451A,G25403T,T14288C,C21701T,C27759A,C27839T,C27927T,A11343G,C14288T,G24255A,C4794T,C17362T,C18747T,C20011T,T21848A,A21846C,G25998A,A26001T,G29229T,G25115T,G27597T,T19449C,C16091T,A25998G,T26001A",hCoV-19/Peru/LIM-INS-2687/2021,EPI_ISL_3654106,GH,B.1.621,5.0,"(Spike R346K,Spike Y144S,N D377Y,Spike D614G,NSP12 P323L,Spike E484K,Spike Y145N,NSP6 Q160R,NSP13 P419S,NS3 Q57H,NSP3 T237A,Spike D950N,N T205I,NSP1 H83del,Spike M1237I,NS7b E3stop,Spike T95I,Spike P681H,NS3 V256I,NSP1 V84del,NSP1 M85del,Spike N501Y,NSP4 T96I,NS8 T11K,NSP1 V86del,NSP1 G82del,NS8 S67F,NS8 P38S,NSP3 T720I,NSP4 T492I)"
UPLOAD|hCoV-19/USA/FL-CDC-STM-000073140/2021|EPI_ISL_4346513|2021-05-10,3,5,Multiple parsimony-optimal placements found. Placement done without high confidence.,"A23250G,C14288T,C170T,C2959T,C987T,G25403T,A22910T,G22859A,T987C,T25403G,A3349G,C9927T,A12948T,T18905C,G22449A,A26332T,C28718T,A28103T,C5948T,C23451A,G25403T,T14288C,C21701T,C27759A,C27839T,C27927T,A11343G,C14288T,G24255A,C4794T,C17362T,C18747T,C20011T,T21848A,A21846C,G25998A,A26001T,A14880G,G16893T,C25292G,C12364T,G25091T,C27493T,G20532A,C21846A,A21848T,A25998G,T26001A",hCoV-19/Mexico/GRO_LANGEBIO_IMSS_1869/2021,EPI_ISL_3568837,GH,B.1.621,6.0,"(Spike R346K,Spike D614G,NSP12 P323L,Spike E484K,NSP13 E261D,NS3 Q57H,NSP6 Q160R,NSP13 P419S,NSP3 T237A,Spike D950N,N T205I,Spike M1229I,Spike Y144T,NSP12 Y521C,Spike T95I,Spike ins145N,Spike P681H,Spike Y145S,NS3 V256I,Spike N501Y,NS8 T11K,NS8 S67F,NS8 P38S,NSP3 T720I,NS3 I20M,NSP4 T492I)"
UPLOAD|hCoV-19/USA/FL-CDC-STM-000073350/2021|EPI_ISL_4347026|2021-05-12,3,3,Multiple parsimony-optimal placements found. Placement done without high confidence.,"A23250G,C14288T,C170T,C2959T,C987T,G25403T,A22910T,G22859A,T987C,T25403G,A3349G,C9927T,A12948T,T18905C,G22449A,A26332T,C28718T,A28103T,C5948T,C23451A,G25403T,T14288C,C21701T,C27759A,C27839T,C27927T,A11343G,C14288T,G24255A,C4794T,C17362T,C18747T,C20011T,T21848A,A21846C,C5107T,C17577T,A6613G,C9018T,T22236A,G26007T,C20265T,C28488T,T29572C,T26007G,A15430G,T21227C",hCoV-19/USA/IA-SHL-1771783/2021,EPI_ISL_3672676,GH,B.1.621.1,3.0,"(Spike R346K,Spike D614G,NSP12 P323L,Spike E484K,NSP3 N1329D,NS3 N257H,NS3 Q57H,NSP6 Q160R,NSP13 P419S,NSP3 T237A,Spike D950N,N T205I,NS3 V259L,NSP4 T189I,NSP13 P491S,Spike Y144T,Spike T95I,Spike ins145N,Spike P681H,NSP15 S261L,NS3 V256I,Spike N501Y,NS8 T11K,NS8 S67F,NS8 P38S,NSP3 T720I,NSP4 T492I)"
UPLOAD|hCoV-19/USA/FL-CDC-STM-000073408/2021|EPI_ISL_4346335|2021-05-13,1,6,,"A23250G,C14288T,C170T,C2959T,C987T,G25403T,A22910T,G22859A,T987C,T25403G,A3349G,C9927T,A12948T,T18905C,G22449A,A26332T,C28718T,A28103T,C5948T,C23451A,G25403T,T14288C,C21701T,C27759A,C27839T,C27927T,A11343G,C14288T,G24255A,C4794T,C17362T,C18747T,C20011T,T21848A,A21846C,G25998A,A26001T,C24939T,T25506C,G27911T,C28351A,C7672T,C18378T,G18855A,A25998G,T26001A,C18122T",hCoV-19/Colombia/DC-INS-402923/2021,EPI_ISL_4212128,GH,B.1.621,8.0,"(Spike R346K,Spike D614G,NSP12 P323L,Spike E484K,NS3 Q57H,NSP13 P419S,NSP6 Q160R,NSP3 T237A,Spike D950N,N T205I,N Q83K,Spike Y144T,NSP12 H572Y,Spike T95I,Spike ins145N,Spike P681H,NS3 V256I,NS8 V62L,Spike N501Y,NS8 T11K,NS8 S67F,NS8 P38S,NSP3 T720I,NSP4 T492I,NS3 S92P)"
UPLOAD|hCoV-19/USA/FL-CDC-STM-000074130/2021|EPI_ISL_4345895|2021-05-13,1,2,,"A23250G,C14288T,C170T,C2959T,C987T,G25403T,A22910T,G22859A,T987C,T25403G,A3349G,C9927T,A12948T,T18905C,G22449A,A26332T,C28718T,A28103T,C5948T,C23451A,G25403T,T14288C,C21701T,C27759A,C27839T,C27927T,A11343G,C14288T,G24255A,C4794T,C17362T,C18747T,C20011T,T21848A,A21846C,G25998A,A26001T,G4319A,G15205T,A25998G,T26001A,C5107T,G25374A",hCoV-19/Mexico/TAM-INMEGEN-22-22/2021,EPI_ISL_3827104,GH,B.1.621,6.0,"(Spike R346K,Spike D614G,NSP12 P323L,Spike E484K,NS3 Q57H,NSP6 Q160R,NSP13 P419S,NSP3 T237A,Spike D950N,N T205I,NSP3 A562T,Spike Y144T,Spike T95I,Spike ins145N,Spike P681H,Spike Y145S,NS3 V256I,NSP12 M629I,Spike N501Y,NS8 T11K,NS8 S67F,NS8 P38S,NSP3 T720I,NSP4 T492I)"
UPLOAD|hCoV-19/USA/FL-CDC-STM-000074161/2021|EPI_ISL_4347135|2021-05-13,1,2,,"A23250G,C14288T,C170T,C2959T,C987T,G25403T,A22910T,G22859A,T987C,T25403G,A3349G,C9927T,A12948T,T18905C,G22449A,A26332T,C28718T,A28103T,C5948T,C23451A,G25403T,T14288C,C21701T,C27759A,C27839T,C27927T,A11343G,C14288T,G24255A,C4794T,C17362T,C18747T,C20011T,T21848A,A21846C,G25998A,A26001T,A14880G,G16893T,C25292G,G22198T,C20870T,C29380T,A3300G,C19897T,T22198G,T25426C,A25998G,T26001A,T28084C,A28086C,C20939T,G1840A,C27228T,C16341T,T18618C",hCoV-19/Colombia/ANT-CWOHC-VG-SEC00276P/2021,EPI_ISL_1960082,GH,B.1.621,14.0,"(Spike R346K,Spike D614G,NSP12 P323L,Spike E484K,NSP13 E261D,NS3 Q57H,NSP6 Q160R,NSP13 P419S,NSP3 T237A,Spike D950N,N T205I,NSP16 T117I,Spike Y144T,NSP12 Y521C,Spike T95I,Spike ins145N,Spike P681H,Spike Y145S,NS3 V256I,Spike N501Y,NS8 T11K,NSP6 P44S,NS8 S67F,NS8 P38S,NSP3 T720I,NS3 I20M,NSP4 T492I)"
UPLOAD|hCoV-19/USA/FL-CDC-STM-000074290/2021|EPI_ISL_4346150|2021-05-13,1,2,,"A23250G,C14288T,C170T,C2959T,C987T,G25403T,A22910T,G22859A,T987C,T25403G,A3349G,C9927T,A12948T,T18905C,G22449A,A26332T,C28718T,A28103T,C5948T,C23451A,G25403T,T14288C,C21701T,C27759A,C27839T,C27927T,A11343G,C14288T,G24255A,C4794T,C17362T,C18747T,C20011T,T21848A,A21846C,C5107T,C17577T,A6613G,C9018T,T22236A,G26007T,C20265T,C28488T,T29572C,T2000A,C1146T,T26007G",hCoV-19/USA/FL-CDC-ASC210273711/2021,EPI_ISL_3856445,GH,B.1.621.1,5.0,"(Spike R346K,Spike D614G,NSP12 P323L,NSP3 N1329D,Spike E484K,NS3 N257H,NSP6 Q160R,NSP13 P419S,NS3 Q57H,NSP3 T237A,Spike D950N,N T205I,NS8 S67del,NS3 V259L,NS8 K68stop,NSP4 T189I,NSP13 P491S,Spike Y144T,Spike T95I,Spike ins145N,Spike P681H,NSP15 S261L,Spike Y145S,NS3 V256I,Spike N501Y,NS8 T11K,NSP3 R1613K,NS8 P38S,NSP3 T720I,NSP4 T492I)"
