uploaded,placements,parsimony,message,mutation_path,neighbour,neighbour_id,neighbour_clade,neighbour_lineage,neighbour_distance,neighbour_prot_mutations
UPLOAD|hCoV-19/USA/FL-CDC-ASC210012211/2021|EPI_ISL_4361546|2021-03-19,1,1,,"A23250G,C14288T,C170T,C2959T,C987T,G25403T,A22910T,G22859A,T987C,T25403G,A3349G,C9927T,A12948T,T18905C,G22449A,A26332T,C28718T,A28103T,C5948T,C23451A,G25403T,T14288C,C21701T,C27759A,C27839T,C27927T,A11343G,C14288T,G24255A,C4794T,C17362T,C18747T,C20011T,T21848A,A21846C,C5107T,C17577T,G29603T,C7507T",hCoV-19/Colombia/BOY-INS-17422132569/2021,EPI_ISL_4197245,GH,B.1.621,1.0,"(Spike R346K,Spike D614G,NSP12 P323L,Spike E484K,NS3 Q57H,NSP6 Q160R,NSP13 P419S,NSP3 T237A,Spike D950N,N T205I,Spike Y144T,NSP13 P491S,Spike T95I,Spike ins145N,Spike P681H,NS3 V256I,Spike N501Y,NS8 T11K,NS8 S67F,NS8 P38S,NSP3 T720I,NSP4 T492I)"
UPLOAD|hCoV-19/USA/FL-CDC-ASC210032734/2021|EPI_ISL_4361116|2021-04-24,1,1,,"A23250G,C14288T,C170T,C2959T,C987T,G25403T,A22910T,G22859A,T987C,T25403G,A3349G,C9927T,A12948T,T18905C,G22449A,A26332T,C28718T,A28103T,C5948T,C23451A,G25403T,T14288C,C21701T,C27759A,C27839T,C27927T,A11343G,C14288T,G24255A,C4794T,C17362T,C18747T,C20011T,T21848A,A21846C,C25548T,C7642T,C18438T,A28572G,T28449A",hCoV-19/USA/AR-CDC-4106635-001/2021,EPI_ISL_2179088,GH,B.1.621,8.0,"(Spike R346K,Spike D614G,NSP12 P323L,Spike E484K,NS3 Q57H,NSP6 Q160R,NSP13 P419S,NSP3 T237A,Spike D950N,N T205I,Spike Y144T,Spike T95I,Spike ins145N,Spike P681H,Spike Y145S,Spike N501Y,NS8 T11K,NS8 S67F,NS8 P38S,N E367Q,NSP3 T720I,NSP4 T492I)"
UPLOAD|hCoV-19/USA/FL-CDC-ASC210037574/2021|EPI_ISL_4360472|2021-04-30,1,0,,"A23250G,C14288T,C170T,C2959T,C987T,G25403T,A22910T,G22859A,T987C,T25403G,A3349G,C9927T,A12948T,T18905C,G22449A,A26332T,C28718T,A28103T,C5948T,C23451A,G25403T,T14288C,C21701T,C27759A,C27839T,C27927T,A11343G,C14288T,G24255A,C4794T,C17362T,C18747T,C20011T,T21848A,A21846C,G25998A,A26001T,G4319A,G15205T,A25998G,T26001A,C5107T,G25374A",hCoV-19/Mexico/TAM-INMEGEN-22-22/2021,EPI_ISL_3827104,GH,B.1.621,6.0,"(Spike R346K,Spike D614G,NSP12 P323L,Spike E484K,NS3 Q57H,NSP6 Q160R,NSP13 P419S,NSP3 T237A,Spike D950N,N T205I,NSP3 A562T,Spike Y144T,Spike T95I,Spike ins145N,Spike P681H,Spike Y145S,NS3 V256I,NSP12 M629I,Spike N501Y,NS8 T11K,NS8 S67F,NS8 P38S,NSP3 T720I,NSP4 T492I)"
UPLOAD|hCoV-19/USA/FL-CDC-ASC210060497/2021|EPI_ISL_4360239|2021-05-06,1,1,,"A23250G,C14288T,C170T,C2959T,C987T,G25403T,A22910T,G22859A,T987C,T25403G,A3349G,C9927T,A12948T,T18905C,G22449A,A26332T,C28718T,A28103T,C5948T,C23451A,G25403T,T14288C,C21701T,C27759A,C27839T,C27927T,A11343G,C14288T,G24255A,C4794T,C17362T,C18747T,C20011T,T21848A,A21846C,G25998A,A26001T,A14880G,G16893T,C25292G,G22198T,C20870T,C29380T,A3300G,C19897T,T22198G,T25426C,A25998G,T26001A,T28084C,A28086C,T27927C",hCoV-19/Colombia/ANT-CWOHC-VG-SEC00276P/2021,EPI_ISL_1960082,GH,B.1.621,10.0,"(Spike R346K,Spike D614G,NSP12 P323L,Spike E484K,NSP13 E261D,NS3 Q57H,NSP6 Q160R,NSP13 P419S,NSP3 T237A,Spike D950N,N T205I,NSP16 T117I,Spike Y144T,NSP12 Y521C,Spike T95I,Spike ins145N,Spike P681H,Spike Y145S,NS3 V256I,Spike N501Y,NS8 T11K,NSP6 P44S,NS8 S67F,NS8 P38S,NSP3 T720I,NS3 I20M,NSP4 T492I)"
UPLOAD|hCoV-19/USA/FL-CDC-ASC210061488/2021|EPI_ISL_4360480|2021-05-09,1,2,,"A23250G,C14288T,C170T,C2959T,C987T,G25403T,A22910T,G22859A,T987C,T25403G,A3349G,C9927T,A12948T,T18905C,G22449A,A26332T,C28718T,A28103T,C5948T,C23451A,G25403T,T14288C,C21701T,C27759A,C27839T,C27927T,A11343G,C14288T,G24255A,C4794T,C17362T,C18747T,C20011T,T21848A,C16626A,G28209T,G18282T,A21846C,G7052A,C12425T",hCoV-19/Colombia/DC-INS-389464/2021,EPI_ISL_4196885,GH,B.1.621,2.0,"(Spike R346K,NSP14 V125F,Spike D614G,NSP12 P323L,Spike E484K,NS3 Q57H,NSP6 Q160R,NSP13 P419S,NSP3 T237A,Spike D950N,N T205I,Spike Y144T,Spike T95I,Spike ins145N,Spike P681H,NSP13 P172H,NS3 V256I,Spike N501Y,NS8 T11K,NS8 S67F,NS8 P38S,NSP3 T720I,NSP4 T492I)"
UPLOAD|hCoV-19/USA/FL-CDC-ASC210063457/2021|EPI_ISL_4361572|2021-05-14,1,4,,"A23250G,C14288T,C170T,C2959T,C987T,G25403T,A22910T,G22859A,T987C,T25403G,A3349G,C9927T,A12948T,T18905C,G22449A,A26332T,C28718T,A28103T,C5948T,C23451A,G25403T,T14288C,C21701T,C27759A,C27839T,C27927T,A11343G,C14288T,G24255A,C4794T,C17362T,C18747T,C20011T,T21848A,A21846C,C5107T,C17577T,G29603T,T14288C,T21845A,A21848T,C21846A,A25251C,C11595T,C14288T,A21845T,C16884T,T23791C,C25251A,G25566T",hCoV-19/Colombia/DC-MxG373_sarscov2/2021,EPI_ISL_4205082,GH,B.1.621,5.0,"(Spike R346K,Spike D614G,NSP12 P323L,Spike E484K,NS3 Q57H,NSP6 Q160R,NSP13 P419S,NSP3 T237A,Spike D950N,N T205I,NS3 I7L,NSP13 P491S,Spike T95I,Spike P681H,Spike N501Y,NS8 T11K,NSP4 T215I,NS8 S67F,NS8 P38S,NSP3 T720I,NSP4 T492I)"
UPLOAD|hCoV-19/USA/FL-CDC-ASC210063926/2021|EPI_ISL_4360193|2021-05-15,1,2,,"A23250G,C14288T,C170T,C2959T,C987T,G25403T,A22910T,G22859A,T987C,T25403G,A3349G,C9927T,A12948T,T18905C,G22449A,A26332T,C28718T,A28103T,C5948T,C23451A,G25403T,T14288C,C21701T,C27759A,C27839T,C27927T,A11343G,C14288T,G24255A,C4794T,C17362T,C18747T,C20011T,T21848A,A21846C,C5107T,C17577T,A6613G,C9018T,T22236A,G26007T,C20265T,C28488T,T29572C,T2000A,C1146T,T26007G",hCoV-19/USA/FL-CDC-ASC210273711/2021,EPI_ISL_3856445,GH,B.1.621.1,5.0,"(Spike R346K,Spike D614G,NSP12 P323L,NSP3 N1329D,Spike E484K,NS3 N257H,NSP6 Q160R,NSP13 P419S,NS3 Q57H,NSP3 T237A,Spike D950N,N T205I,NS8 S67del,NS3 V259L,NS8 K68stop,NSP4 T189I,NSP13 P491S,Spike Y144T,Spike T95I,Spike ins145N,Spike P681H,NSP15 S261L,Spike Y145S,NS3 V256I,Spike N501Y,NS8 T11K,NSP3 R1613K,NS8 P38S,NSP3 T720I,NSP4 T492I)"
UPLOAD|hCoV-19/USA/FL-CDC-ASC210066273/2021|EPI_ISL_4361219|2021-05-24,1,5,,"A23250G,C14288T,C170T,C2959T,C987T,G25403T,A22910T,G22859A,T987C,T25403G,A3349G,C9927T,A12948T,T18905C,G22449A,A26332T,C28718T,A28103T,C5948T,C23451A,G25403T,T14288C,C21701T,C27759A,C27839T,C27927T,A11343G,C14288T,G24255A,C4794T,C17362T,C18747T,C20011T,T21848A,A21846C,G25998A,A26001T,A14880G,G16893T,C25292G,C27366T,C26445T,G6439A,C18265T,C24889T,A25998G,T26001A",hCoV-19/Chile/TA-136291/2021,EPI_ISL_3987639,GH,B.1.621,5.0,"(Spike R346K,Spike Y144S,Spike D614G,NSP12 P323L,Spike E484K,NSP13 E261D,Spike Y145N,NS3 Q57H,NSP6 Q160R,NSP13 P419S,NSP3 T237A,N T205I,Spike D950B,NSP12 Y521C,Spike T95I,Spike P681H,NS3 V256I,Spike N501Y,NS8 T11K,NS8 P38S,NSP3 T720I,NS3 I20M,NSP4 T492I)"
UPLOAD|hCoV-19/USA/FL-CDC-ASC210066335/2021|EPI_ISL_4360668|2021-05-24,1,1,,"A23250G,C14288T,C170T,C2959T,C987T,G25403T,A22910T,G22859A,T987C,T25403G,A3349G,C9927T,A12948T,T18905C,G22449A,A26332T,C28718T,A28103T,C5948T,C23451A,G25403T,T14288C,C21701T,C27759A,C27839T,C27927T,A11343G,C14288T,G24255A,C4794T,C17362T,C18747T,C20011T,T21848A,A21846C,G25998A,A26001T,C25548T,T28449A,C14411T,C28342T,G3180T,C17783T,C17847T,G21113T,A25998G,T26001A,A8667G",hCoV-19/Aruba/AW-RIVM-38105/2021,EPI_ISL_2476283,GH,B.1.621,3.0,"(Spike R346K,Spike D614G,NSP12 P323L,Spike E484K,NSP6 Q160R,NSP13 P419S,NS3 Q57H,NSP3 T237A,Spike D950N,N T205I,N P80S,NSP12 S364F,NS3 L106F,Spike Y144T,Spike T95I,Spike ins145N,Spike P681H,Spike Y145S,NS3 V256I,Spike N501Y,NSP13 L581F,NS8 T11K,NSP3 Q180H,NS8 S67F,NS8 P38S,NSP3 T720I,NSP4 T492I)"
UPLOAD|hCoV-19/USA/FL-CDC-ASC210067147/2021|EPI_ISL_4360632|2021-05-26,1,2,,"A23250G,C14288T,C170T,C2959T,C987T,G25403T,A22910T,G22859A,T987C,T25403G,A3349G,C9927T,A12948T,T18905C,G22449A,A26332T,C28718T,A28103T,C5948T,C23451A,G25403T,T14288C,C21701T,C27759A,C27839T,C27927T,A11343G,C14288T,G24255A,C4794T,C17362T,C18747T,C20011T,T21848A,A21846C,C5107T,C17577T,G29603T,C1685T,C105T,A7386G",hCoV-19/Colombia/BOY-INS-17223012569/2021,EPI_ISL_4197224,GH,B.1.621,2.0,"(Spike R346K,Spike D614G,NSP12 P323L,Spike E484K,NS3 Q57H,NSP6 Q160R,NSP13 P419S,NSP3 T237A,Spike D950N,N T205I,NSP2 A318V,Spike Y144T,NSP13 P491S,Spike T95I,Spike ins145N,Spike P681H,NS3 V256I,Spike N501Y,NS8 T11K,NS8 S67F,NS8 P38S,NSP3 T720I,NSP4 T492I)"
UPLOAD|hCoV-19/USA/FL-CDC-ASC210105785/2021|EPI_ISL_4360182|2021-05-25,1,2,,"A23250G,C14288T,C170T,C2959T,C987T,G25403T,A22910T,G22859A,T987C,T25403G,A3349G,C9927T,A12948T,T18905C,G22449A,A26332T,C28718T,A28103T,C5948T,C23451A,G25403T,T14288C,C21701T,C27759A,C27839T,C27927T,A11343G,C14288T,G24255A,C4794T,C17362T,C18747T,C20011T,T21848A,A21846C,G25998A,A26001T,G4319A,G15205T,A25998G,T26001A,C5107T,G25374A",hCoV-19/Mexico/TAM-INMEGEN-22-22/2021,EPI_ISL_3827104,GH,B.1.621,6.0,"(Spike R346K,Spike D614G,NSP12 P323L,Spike E484K,NS3 Q57H,NSP6 Q160R,NSP13 P419S,NSP3 T237A,Spike D950N,N T205I,NSP3 A562T,Spike Y144T,Spike T95I,Spike ins145N,Spike P681H,Spike Y145S,NS3 V256I,NSP12 M629I,Spike N501Y,NS8 T11K,NS8 S67F,NS8 P38S,NSP3 T720I,NSP4 T492I)"
UPLOAD|hCoV-19/USA/FL-CDC-ASC210107676/2021|EPI_ISL_4361359|2021-06-04,2,4,Multiple parsimony-optimal placements found. Placement done without high confidence.,"A23250G,C14288T,C170T,C2959T,C987T,G25403T,A22910T,G22859A,T987C,T25403G,A3349G,C9927T,A12948T,T18905C,G22449A,A26332T,C28718T,A28103T,C5948T,C23451A,G25403T,T14288C,C21701T,C27759A,C27839T,C27927T,A11343G,C14288T,G24255A,C4794T,C17362T,C18747T,C20011T,T21848A,A21846C,G25998A,A26001T,G25896T,G20618T,C12216T,G3537A,A12298G,A25998G,T26001A",hCoV-19/Colombia/DC-INS-409483/2021,EPI_ISL_4212134,GH,B.1.621,4.0,"(Spike R346K,NSP16 S33I,Spike D614G,NSP12 P323L,Spike E484K,NS3 Q57H,NSP6 Q160R,NSP13 P419S,NSP3 T237A,Spike D950N,N T205I,Spike Y144T,Spike T95I,Spike ins145N,Spike P681H,NS3 V256I,NS3 D222Y,Spike N501Y,NS8 T11K,NS8 S67F,NS8 P38S,NSP3 T720I,NSP4 T492I)"
UPLOAD|hCoV-19/USA/FL-CDC-ASC210108406/2021|EPI_ISL_4361540|2021-06-07,1,1,,"A23250G,C14288T,C170T,C2959T,C987T,G25403T,A22910T,G22859A,T987C,T25403G,A3349G,C9927T,A12948T,T18905C,G22449A,A26332T,C28718T,A28103T,C5948T,C23451A,G25403T,T14288C,C21701T,C27759A,C27839T,C27927T,A11343G,C14288T,G24255A,C4794T,C17362T,C18747T,C20011T,T21848A,C16626A,G28209T,G18282T,A5740G,T18020C,G19879A,A21846C",hCoV-19/Colombia/DC-INS-389464/2021,EPI_ISL_4196885,GH,B.1.621,5.0,"(Spike R346K,NSP14 V125F,Spike D614G,NSP12 P323L,Spike E484K,NS3 Q57H,NSP6 Q160R,NSP13 P419S,NSP3 T237A,Spike D950N,N T205I,Spike Y144T,Spike T95I,Spike ins145N,Spike P681H,NSP13 P172H,NS3 V256I,Spike N501Y,NS8 T11K,NS8 S67F,NS8 P38S,NSP3 T720I,NSP4 T492I)"
UPLOAD|hCoV-19/USA/FL-CDC-ASC210108460/2021|EPI_ISL_4361276|2021-06-08,2,6,Multiple parsimony-optimal placements found. Placement done without high confidence.,"A23250G,C14288T,C170T,C2959T,C987T,G25403T,A22910T,G22859A,T987C,T25403G,A3349G,C9927T,A12948T,T18905C,G22449A,A26332T,C28718T,A28103T,C5948T,C23451A,G25403T,T14288C,C21701T,C27759A,C27839T,C27927T,A11343G,C14288T,G24255A,C4794T,C17362T,C18747T,C20011T,T21848A,A21846C,G25998A,A26001T,C25548T,T28449A,G2867A,G19348T,A2968C,C3094A,C9976T,C17930T,A25998G,T26001A",hCoV-19/USA/FL-CDC-LC0099060/2021,EPI_ISL_3430997,GH,B.1.621,13.0,"(Spike R346K,NS3 K235R,NSP3 Q152K,Spike D614G,NSP12 P323L,NSP14 T97I,Spike E484K,NSP6 Q160R,NSP13 P419S,NS3 Q57H,NSP3 T237A,Spike D950N,N T205I,NSP3 G76S,NS3 L106F,NSP3 S1682F,Spike Y144T,Spike T95I,Spike ins145N,Spike P681H,Spike Y145S,NS3 V256I,Spike N501Y,NS8 T11K,NSP14 G481V,NS8 S67F,NS8 P38S,NSP3 T720I,NSP4 T492I)"
UPLOAD|hCoV-19/USA/FL-CDC-ASC210109144/2021|EPI_ISL_4360120|2021-06-12,1,8,,"A23250G,C14288T,C170T,C2959T,C987T,G25403T,A22910T,G22859A,T987C,T25403G,A3349G,C9927T,A12948T,T18905C,G22449A,A26332T,C28718T,A28103T,C5948T,C23451A,G25403T,T14288C,C21701T,C27759A,C27839T,C27927T,A11343G,C14288T,G24255A,C4794T,C17362T,C18747T,C20011T,T21848A,A21846C,C3215A,C7071T,G13647A,C17692T,C18153T,C20939T,G25296T,G25311A",hCoV-19/USA/AR-CDC-4106635-001/2021,EPI_ISL_2179088,GH,B.1.621,11.0,"(Spike R346K,Spike D614G,NSP12 P323L,Spike E484K,NS3 Q57H,NSP6 Q160R,NSP13 P419S,NSP3 T237A,Spike D950N,N T205I,Spike Y144T,Spike T95I,Spike ins145N,Spike P681H,Spike Y145S,Spike N501Y,NS8 T11K,NS8 S67F,NS8 P38S,N E367Q,NSP3 T720I,NSP4 T492I)"
UPLOAD|hCoV-19/USA/FL-CDC-ASC210109242/2021|EPI_ISL_4360097|2021-06-13,2,8,Multiple parsimony-optimal placements found. Placement done without high confidence.,"A23250G,C14288T,C170T,C2959T,C987T,G25403T,A22910T,G22859A,T987C,T25403G,A3349G,C9927T,A12948T,T18905C,G22449A,A26332T,C28718T,A28103T,C5948T,C23451A,G25403T,T14288C,C21701T,C27759A,C27839T,C27927T,A11343G,C14288T,G24255A,C4794T,C17362T,C18747T,C20011T,T21848A,A21846C,G25998A,A26001T,A14880G,C18905T,T17996A,C6557T,G15284T,G27882T,C10902T,G21496A,C21846A,A21848T,C23038T,C25273T,A25998G,T26001A",hCoV-19/Spain/CL-COV09392/2021,EPI_ISL_3646351,GH,B.1.621,11.0,"(Spike R346K,Spike D614G,NSP12 P323L,Spike E484K,Spike Y145N,NS3 Q57H,NSP13 P419S,NSP6 Q160R,NSP3 A1310V,NSP3 T237A,Spike D950N,N T205I,NSP3 S1475I,NSP12 Y521C,Spike T95I,NSP12 A656S,Spike P681H,NS3 V256I,NS8 R52I,Spike N501Y,NS8 T11K,NS8 S67F,NS8 P38S,NSP3 T720I,NSP4 T492I)"
UPLOAD|hCoV-19/USA/FL-CDC-ASC210109698/2021|EPI_ISL_4361433|2021-06-15,1,2,,"A23250G,C14288T,C170T,C2959T,C987T,G25403T,A22910T,G22859A,T987C,T25403G,A3349G,C9927T,A12948T,T18905C,G22449A,A26332T,C28718T,A28103T,C5948T,C23451A,G25403T,T14288C,C21701T,C27759A,C27839T,C27927T,A11343G,C14288T,G24255A,C4794T,C17362T,C18747T,C20011T,T21848A,A21846C,G25998A,A26001T,G4319A,G15205T,A25998G,T26001A,T14664C,A27580G",hCoV-19/Mexico/TAM-INMEGEN-22-22/2021,EPI_ISL_3827104,GH,B.1.621,6.0,"(Spike R346K,Spike D614G,NSP12 P323L,Spike E484K,NS3 Q57H,NSP6 Q160R,NSP13 P419S,NSP3 T237A,Spike D950N,N T205I,NSP3 A562T,Spike Y144T,Spike T95I,Spike ins145N,Spike P681H,Spike Y145S,NS3 V256I,NSP12 M629I,Spike N501Y,NS8 T11K,NS8 S67F,NS8 P38S,NSP3 T720I,NSP4 T492I)"
UPLOAD|hCoV-19/USA/FL-CDC-ASC210109868/2021|EPI_ISL_4359769|2021-06-16,1,1,,"A23250G,C14288T,C170T,C2959T,C987T,G25403T,A22910T,G22859A,T987C,T25403G,A3349G,C9927T,A12948T,T18905C,G22449A,A26332T,C28718T,A28103T,C5948T,C23451A,G25403T,T14288C,C21701T,C27759A,C27839T,C27927T,A11343G,C14288T,G24255A,C4794T,C17362T,C18747T,C20011T,T21848A,A21846C,C5107T,C17577T,A6613G,C9018T,T22236A,G26007T,C20265T,C28488T,T29572C,G27920T,C10026T,T26007G",hCoV-19/USA/FL-CDC-LC0162447/2021,EPI_ISL_3675665,GH,B.1.621.1,2.0,"(Spike R346K,Spike D614G,NSP12 P323L,Spike E484K,NSP3 N1329D,NS3 N257H,NSP6 Q160R,NSP13 P419S,NS3 Q57H,NSP3 T237A,Spike D950N,N T205I,NS3 V259L,NSP4 T189I,NSP13 P491S,Spike Y144T,Spike T95I,Spike ins145N,Spike P681H,NSP15 S261L,Spike Y145S,NS3 V256I,Spike N501Y,NS8 T11K,NSP5 T25I,Spike E132Q,NS8 S67F,NS8 P38S,NSP3 T720I,NS8 A65S,NSP4 T492I)"
UPLOAD|hCoV-19/USA/FL-CDC-ASC210109948/2021|EPI_ISL_4361299|2021-06-17,1,5,,"A23250G,C14288T,C170T,C2959T,C987T,G25403T,A22910T,G22859A,T987C,T25403G,A3349G,C9927T,A12948T,T18905C,G22449A,A26332T,C28718T,A28103T,C5948T,C23451A,G25403T,T14288C,C21701T,C27759A,C27839T,C27927T,A11343G,C14288T,G24255A,C4794T,C17362T,C18747T,C20011T,T21848A,A21846C,G25998A,A26001T,G4319A,G15205T,A25998G,T26001A,C100T,A19392C,C21831T,T22754C,G25903T",hCoV-19/Mexico/TAM-INMEGEN-22-22/2021,EPI_ISL_3827104,GH,B.1.621,9.0,"(Spike R346K,Spike D614G,NSP12 P323L,Spike E484K,NS3 Q57H,NSP6 Q160R,NSP13 P419S,NSP3 T237A,Spike D950N,N T205I,NSP3 A562T,Spike Y144T,Spike T95I,Spike ins145N,Spike P681H,Spike Y145S,NS3 V256I,NSP12 M629I,Spike N501Y,NS8 T11K,NS8 S67F,NS8 P38S,NSP3 T720I,NSP4 T492I)"
UPLOAD|hCoV-19/USA/FL-CDC-ASC210110363/2021|EPI_ISL_4360156|2021-06-20,1,10,,"A23250G,C14288T,C170T,C2959T,C987T,G25403T,A22910T,G22859A,T987C,T25403G,A3349G,C9927T,A12948T,T18905C,G22449A,A26332T,C28718T,A28103T,C5948T,C23451A,G25403T,T14288C,C21701T,C27759A,C27839T,C27927T,A11343G,C14288T,G24255A,C4794T,C17362T,C18747T,C20011T,T21848A,A21846C,G25998A,A26001T,A14880G,C18905T,T17996A,C6557T,G4876T,C3018T,T5097C,G6038A,T16264C,T21293C,C21450T,A25998G,T26001A,G28209T,A29102T",hCoV-19/Colombia/DC-UNIANDES-G026356/2021,EPI_ISL_4198491,GH,B.1.621,11.0,"(Spike R346K,Spike D614G,NSP12 P323L,Spike E484K,NS3 Q57H,NSP13 P419S,NSP6 Q160R,NSP3 A1310V,NSP3 T237A,Spike D950N,N T205I,Spike Y144T,NSP12 Y521C,Spike T95I,Spike ins145N,Spike P681H,NS3 V256I,Spike N501Y,NS8 T11K,NS8 S67F,NS8 P38S,NSP3 T720I,NSP4 T492I)"
UPLOAD|hCoV-19/USA/FL-CDC-ASC210110655/2021|EPI_ISL_4360090|2021-06-21,1,4,,"A23250G,C14288T,C170T,C2959T,C987T,G25403T,A22910T,G22859A,T987C,T25403G,A3349G,C9927T,A12948T,T18905C,G22449A,A26332T,C28718T,A28103T,C5948T,C23451A,G25403T,T14288C,C21701T,C27759A,C27839T,C27927T,A11343G,C14288T,G24255A,C4794T,C17362T,C18747T,C20011T,T21848A,C16626A,G28209T,G18282T,A21846C,C17847T,C28824A,C29607T,G632A,C9509T,G21459T,C21597T",hCoV-19/USA/FL-CDC-ASC210202262/2021,EPI_ISL_3847403,GH,B.1.621,6.0,"(Spike R346K,NSP14 V125F,N Q241K,Spike D614G,NSP12 P323L,Spike E484K,NSP6 Q160R,NSP13 P419S,NS3 Q57H,NSP3 T237A,Spike D950N,N T205I,Spike Y144T,Spike T95I,Spike ins145N,Spike P681H,NSP13 P172H,Spike Y145S,NS3 V256I,NSP6 L37F,Spike N501Y,NSP13 L581F,NS8 T11K,NSP7 V58A,NSP4 D217G,NS8 S67F,NS8 P38S,NSP3 T720I,NSP4 T492I)"
UPLOAD|hCoV-19/USA/FL-CDC-ASC210110660/2021|EPI_ISL_4360925|2021-06-21,3,6,Multiple parsimony-optimal placements found. Placement done without high confidence.,"A23250G,C14288T,C170T,C2959T,C987T,G25403T,A22910T,G22859A,T987C,T25403G,A3349G,C9927T,A12948T,T18905C,G22449A,A26332T,C28718T,A28103T,C5948T,C23451A,G25403T,T14288C,C21701T,C27759A,C27839T,C27927T,A11343G,C14288T,G24255A,C4794T,C17362T,C18747T,C20011T,T21848A,A21846C,C5107T,C17577T,A6613G,C9018T,T22236A,G26007T,C20265T,C28488T,T29572C,G1227A,C12291T,A17500G,T20385C,T25336C,T26007G",hCoV-19/USA/IA-SHL-1771783/2021,EPI_ISL_3672676,GH,B.1.621.1,6.0,"(Spike R346K,Spike D614G,NSP12 P323L,Spike E484K,NSP3 N1329D,NS3 N257H,NS3 Q57H,NSP6 Q160R,NSP13 P419S,NSP3 T237A,Spike D950N,N T205I,NS3 V259L,NSP4 T189I,NSP13 P491S,Spike Y144T,Spike T95I,Spike ins145N,Spike P681H,NSP15 S261L,NS3 V256I,Spike N501Y,NS8 T11K,NS8 S67F,NS8 P38S,NSP3 T720I,NSP4 T492I)"
UPLOAD|hCoV-19/USA/FL-CDC-ASC210111096/2021|EPI_ISL_4361268|2021-07-05,1,1,,"A23250G,C14288T,C170T,C2959T,C987T,G25403T,A22910T,G22859A,T987C,T25403G,A3349G,C9927T,A12948T,T18905C,G22449A,A26332T,C28718T,A28103T,C5948T,C23451A,G25403T,T14288C,C21701T,C27759A,C27839T,C27927T,A11343G,C14288T,G24255A,C4794T,C17362T,C18747T,C20011T,T21848A,C16626A,G28209T,G18282T,A21846C,C17847T,C28824A,T28809A,C10433T,G11500A,C13746T,A28824C",hCoV-19/USA/GA-CDC-ASC210239275/2021,EPI_ISL_3855473,GH,B.1.621,1.0,"(Spike R346K,NSP14 V125F,N Q241K,Spike D614G,NSP12 P323L,Spike E484K,NSP6 Q160R,NSP13 P419S,NS3 Q57H,NSP3 T237A,NSP12 T141I,Spike D950N,N T205I,Spike Y144T,Spike T95I,Spike ins145N,Spike P681H,NSP13 P172H,Spike Y145S,NS3 V256I,NSP6 V213I,Spike N501Y,NSP13 L581F,NS8 T11K,NS8 S67F,NS8 P38S,NSP3 T720I,NSP4 T492I)"
UPLOAD|hCoV-19/USA/FL-CDC-ASC210111385/2021|EPI_ISL_4360556|2021-07-05,1,1,,"A23250G,C14288T,C170T,C2959T,C987T,G25403T,A22910T,G22859A,T987C,T25403G,A3349G,C9927T,A12948T,T18905C,G22449A,A26332T,C28718T,A28103T,C5948T,C23451A,G25403T,T14288C,C21701T,C27759A,C27839T,C27927T,A11343G,C14288T,G24255A,C4794T,C17362T,C18747T,C20011T,T21848A,A21846C,C5107T,C17577T,A6613G,C9018T,T22236A,G26007T,C20265T,C28488T,T29572C,A2614G,G3207A,C11016T,A18388C,T26007G",hCoV-19/USA/FL-CDC-ASC210234529/2021,EPI_ISL_3844723,GH,B.1.621.1,5.0,"(Spike R346K,NSP6 A51V,Spike D614G,NSP12 P323L,NSP3 N1329D,Spike E484K,NS3 N257H,NSP6 Q160R,NSP13 P419S,NS3 Q57H,NSP3 T237A,Spike D950N,N T205I,NS3 G11V,NS3 V259L,NSP4 T189I,NSP13 P491S,Spike Y144T,Spike T95I,Spike ins145N,Spike P681H,NSP15 S261L,Spike Y145S,NS3 V256I,Spike N501Y,NS8 T11K,NSP3 P1228S,NS8 S67F,NS8 P38S,NSP9 L42F,NSP3 T720I,NSP14 N160T,NSP4 T492I)"
UPLOAD|hCoV-19/USA/FL-CDC-ASC210111459/2021|EPI_ISL_4360230|2021-07-06,1,9,,"A23250G,C14288T,C170T,C2959T,C987T,G25403T,A22910T,G22859A,T987C,T25403G,A3349G,C9927T,A12948T,T18905C,G22449A,A26332T,C28718T,A28103T,C5948T,C23451A,G25403T,T14288C,C21701T,C27759A,C27839T,C27927T,A11343G,C14288T,G24255A,C4794T,C17362T,C18747T,C20011T,T21848A,A21846C,G25998A,A26001T,G29229T,T964C,C11976A,C14767T,C16734T,C19253T,G20541T,C5795T,T5948C,C10471T,C18045T,T22532C,A22859G,A25998G,T26001A,C28488T",hCoV-19/Colombia/QUI-INS-4280821327/2021,EPI_ISL_4198469,GH,B.1.621,9.0,"(Spike R346K,N D377Y,Spike D614G,NSP12 P323L,Spike E484K,NS3 Q57H,NSP6 Q160R,NSP13 P419S,NSP3 T237A,Spike D950N,N T205I,NSP13 A208V,Spike Y144T,Spike T95I,Spike ins145N,Spike P681H,NS3 V256I,Spike N501Y,NS8 T11K,NS8 S67F,NS8 P38S,NSP3 T720I,NSP4 T492I)"
UPLOAD|hCoV-19/USA/FL-CDC-ASC210111725/2021|EPI_ISL_4360270|2021-07-07,1,4,,"A23250G,C14288T,C170T,C2959T,C987T,G25403T,A22910T,G22859A,T987C,T25403G,A3349G,C9927T,A12948T,T18905C,G22449A,A26332T,C28718T,A28103T,C5948T,C23451A,G25403T,T14288C,C21701T,C27759A,C27839T,C27927T,A11343G,C14288T,G24255A,C4794T,C17362T,C18747T,C20011T,T21848A,A21846C,A12780G,C14648T,C22080T,A22450G,A26415G,A26587G",hCoV-19/Colombia/DC-INS-457911/2021,EPI_ISL_4196915,GH,B.1.621,7.0,"(Spike R346K,Spike D614G,NSP12 P323L,Spike E484K,NSP3 A1215T,NS3 Q57H,NSP6 Q160R,NSP13 P419S,NSP3 T237A,Spike D950N,N T205I,NSP3 S1424F,Spike Y144T,Spike T95I,Spike ins145N,Spike P681H,NS3 V256I,NSP12 A443V,Spike N501Y,NS8 T11K,NS8 S67F,NS8 P38S,NSP3 T720I,NSP4 T492I)"
UPLOAD|hCoV-19/USA/FL-CDC-ASC210112115/2021|EPI_ISL_4360017|2021-07-08,1,3,,"A23250G,C14288T,C170T,C2959T,C987T,G25403T,A22910T,G22859A,T987C,T25403G,A3349G,C9927T,A12948T,T18905C,G22449A,A26332T,C28718T,A28103T,C5948T,C23451A,G25403T,T14288C,C21701T,C27759A,C27839T,C27927T,A11343G,C14288T,G24255A,C4794T,C17362T,C18747T,C20011T,T21848A,A21846C,G25998A,A26001T,C20939T,C1845T,C2263T,C3091T,G17149T,G25091T,A27202G,G28042C,C21007T,C25498T,G276A,A25998G,T26001A",hCoV-19/Peru/TUM-INS-4339/2021,EPI_ISL_4198084,GH,B.1.621,3.0,"(Spike R346K,NSP16 L163F,NS3 T89I,Spike D614G,NS8 E106Q,NSP12 P323L,Spike E484K,NSP6 Q160R,NSP13 P419S,NS3 Q57H,NSP3 T237A,Spike D950N,N T205I,NSP3 L151F,NSP2 L372F,Spike M1229I,Spike Y144T,Spike T95I,Spike ins145N,Spike P681H,Spike Y145S,NS3 V256I,NSP13 V348L,NSP6 L37F,NSP2 S512F,Spike N501Y,NS8 T11K,NSP16 T140I,NS8 S67F,NS8 P38S,NSP3 T720I,NSP4 T492I)"
UPLOAD|hCoV-19/USA/FL-CDC-ASC210112973/2021|EPI_ISL_4360054|2021-07-10,1,5,,"A23250G,C14288T,C170T,C2959T,C987T,G25403T,A22910T,G22859A,T987C,T25403G,A3349G,C9927T,A12948T,T18905C,G22449A,A26332T,C28718T,A28103T,C5948T,C23451A,G25403T,T14288C,C21701T,C27759A,C27839T,C27927T,A11343G,C14288T,G24255A,C4794T,C17362T,C18747T,C20011T,T21848A,A21846C,C25548T,T28449A,C4493T,A7336G,A7810G,G28806T",hCoV-19/USA/AR-CDC-4106635-001/2021,EPI_ISL_2179088,GH,B.1.621,9.0,"(Spike R346K,Spike D614G,NSP12 P323L,Spike E484K,NS3 Q57H,NSP6 Q160R,NSP13 P419S,NSP3 T237A,Spike D950N,N T205I,Spike Y144T,Spike T95I,Spike ins145N,Spike P681H,Spike Y145S,Spike N501Y,NS8 T11K,NS8 S67F,NS8 P38S,N E367Q,NSP3 T720I,NSP4 T492I)"
UPLOAD|hCoV-19/USA/FL-CDC-ASC210113017/2021|EPI_ISL_4359941|2021-07-10,1,6,,"A23250G,C14288T,C170T,C2959T,C987T,G25403T,A22910T,G22859A,T987C,T25403G,A3349G,C9927T,A12948T,T18905C,G22449A,A26332T,C28718T,A28103T,C5948T,C23451A,G25403T,T14288C,C21701T,C27759A,C27839T,C27927T,A11343G,C14288T,G24255A,C4794T,C17362T,C18747T,C20011T,T21848A,A21846C,C378G,C18902T,T21845A,C24909T,G25295T,C27449T",hCoV-19/USA/AR-CDC-4106635-001/2021,EPI_ISL_2179088,GH,B.1.621,9.0,"(Spike R346K,Spike D614G,NSP12 P323L,Spike E484K,NS3 Q57H,NSP6 Q160R,NSP13 P419S,NSP3 T237A,Spike D950N,N T205I,Spike Y144T,Spike T95I,Spike ins145N,Spike P681H,Spike Y145S,Spike N501Y,NS8 T11K,NS8 S67F,NS8 P38S,N E367Q,NSP3 T720I,NSP4 T492I)"
UPLOAD|hCoV-19/USA/FL-CDC-ASC210113155/2021|EPI_ISL_4360477|2021-07-11,1,10,,"A23250G,C14288T,C170T,C2959T,C987T,G25403T,A22910T,G22859A,T987C,T25403G,A3349G,C9927T,A12948T,T18905C,G22449A,A26332T,C28718T,A28103T,C5948T,C23451A,G25403T,T14288C,C21701T,C27759A,C27839T,C27927T,A11343G,C14288T,G24255A,C4794T,C17362T,C18747T,C20011T,T21848A,A21846C,C25548T,T28449A,G870A,C1315T,A1475G,C14351T,T17469C,G19032T,C19451T,A26766G,A27705G,G29603T",hCoV-19/USA/AR-CDC-4106635-001/2021,EPI_ISL_2179088,GH,B.1.621,15.0,"(Spike R346K,Spike D614G,NSP12 P323L,Spike E484K,NS3 Q57H,NSP6 Q160R,NSP13 P419S,NSP3 T237A,Spike D950N,N T205I,Spike Y144T,Spike T95I,Spike ins145N,Spike P681H,Spike Y145S,Spike N501Y,NS8 T11K,NS8 S67F,NS8 P38S,N E367Q,NSP3 T720I,NSP4 T492I)"
UPLOAD|hCoV-19/USA/FL-CDC-ASC210153932/2021|EPI_ISL_4360325|2021-06-24,1,10,,"A23250G,C14288T,C170T,C2959T,C987T,G25403T,A22910T,G22859A,T987C,T25403G,A3349G,C9927T,A12948T,T18905C,G22449A,A26332T,C28718T,A28103T,C5948T,C23451A,G25403T,T14288C,C21701T,C27759A,C27839T,C27927T,A11343G,C14288T,G24255A,C4794T,C17362T,C18747T,C20011T,T21848A,A21846C,G25998A,A26001T,C25548T,T28449A,C11810T,C25267T,C26068T,C2222T,A3562G,C6545T,C9463T,C21162T,A25998G,T26001A,C26410T,C27498T,A27953G",hCoV-19/Colombia/DC-INS-446329/2021,EPI_ISL_4196913,GH,B.1.621,11.0,"(Spike R346K,Spike D614G,NSP12 P323L,NS3 T12I,Spike E484K,NS3 Q57H,NSP6 Q160R,NSP13 P419S,NSP3 T237A,Spike D950N,N T205I,NS3 L106F,NSP7 S26F,Spike Y144T,Spike T95I,Spike ins145N,Spike P681H,NS3 V256I,Spike N501Y,NS8 T11K,NS8 S67F,NS8 P38S,NSP3 T720I,NSP4 T492I)"
UPLOAD|hCoV-19/USA/FL-CDC-ASC210153959/2021|EPI_ISL_4361272|2021-06-24,2,9,Multiple parsimony-optimal placements found. Placement done without high confidence.,"A23250G,C14288T,C170T,C2959T,C987T,G25403T,A22910T,G22859A,T987C,T25403G,A3349G,C9927T,A12948T,T18905C,G22449A,A26332T,C28718T,A28103T,C5948T,C23451A,G25403T,T14288C,C21701T,C27759A,C27839T,C27927T,A11343G,C14288T,G24255A,C4794T,C17362T,C18747T,C20011T,T21848A,C16626A,G28209T,G18282T,A5740G,T18020C,G19879A,C5951T,A18338G,A21846T,A22859G,T27927C,C28141A",hCoV-19/Colombia/DC-INS-389464/2021,EPI_ISL_4196885,GH,B.1.621,10.0,"(Spike R346K,NSP14 V125F,Spike D614G,NSP12 P323L,Spike E484K,NS3 Q57H,NSP6 Q160R,NSP13 P419S,NSP3 T237A,Spike D950N,N T205I,Spike Y144T,Spike T95I,Spike ins145N,Spike P681H,NSP13 P172H,NS3 V256I,Spike N501Y,NS8 T11K,NS8 S67F,NS8 P38S,NSP3 T720I,NSP4 T492I)"
UPLOAD|hCoV-19/USA/FL-CDC-ASC210154009/2021|EPI_ISL_4360698|2021-06-24,1,3,,"A23250G,C14288T,C170T,C2959T,C987T,G25403T,A22910T,G22859A,T987C,T25403G,A3349G,C9927T,A12948T,T18905C,G22449A,A26332T,C28718T,A28103T,C5948T,C23451A,G25403T,T14288C,C21701T,C27759A,C27839T,C27927T,A11343G,C14288T,G24255A,C4794T,C17362T,C18747T,C20011T,T21848A,A21846C,G25998A,A26001T,G4319A,G15205T,A25998G,T26001A,C5107T,G25374A,C601T,C10728T,T27927C",hCoV-19/Mexico/TAM-INMEGEN-22-22/2021,EPI_ISL_3827104,GH,B.1.621,9.0,"(Spike R346K,Spike D614G,NSP12 P323L,Spike E484K,NS3 Q57H,NSP6 Q160R,NSP13 P419S,NSP3 T237A,Spike D950N,N T205I,NSP3 A562T,Spike Y144T,Spike T95I,Spike ins145N,Spike P681H,Spike Y145S,NS3 V256I,NSP12 M629I,Spike N501Y,NS8 T11K,NS8 S67F,NS8 P38S,NSP3 T720I,NSP4 T492I)"
UPLOAD|hCoV-19/USA/FL-CDC-ASC210154172/2021|EPI_ISL_4360278|2021-06-25,1,4,,"A23250G,C14288T,C170T,C2959T,C987T,G25403T,A22910T,G22859A,T987C,T25403G,A3349G,C9927T,A12948T,T18905C,G22449A,A26332T,C28718T,A28103T,C5948T,C23451A,G25403T,T14288C,C21701T,C27759A,C27839T,C27927T,A11343G,C14288T,G24255A,C4794T,C17362T,C18747T,C20011T,T21848A,A21846C,C5107T,C17577T,A6613G,C9018T,T22236A,G26007T,C20265T,C28488T,T29572C,A24255G,T3518C,C7435T,G22649T,T26007G",hCoV-19/USA/FL-CDC-ASC210247037/2021,EPI_ISL_3851764,GH,B.1.621.1,4.0,"(Spike R346K,Spike D614G,NSP12 P323L,NSP3 N1329D,Spike E484K,NS3 N257H,NSP6 Q160R,NSP13 P419S,NS3 Q57H,NSP3 T237A,N T205I,NS3 V259L,NSP4 T189I,Spike Y144T,NSP13 P491S,Spike T95I,Spike ins145N,Spike P681H,NSP15 S261L,Spike Y145S,NS3 V256I,Spike N501Y,NS8 T11K,NS8 S67F,NS8 P38S,NSP3 T720I,NSP4 T492I)"
UPLOAD|hCoV-19/USA/FL-CDC-ASC210155081/2021|EPI_ISL_4360752|2021-06-30,1,2,,"A23250G,C14288T,C170T,C2959T,C987T,G25403T,A22910T,G22859A,T987C,T25403G,A3349G,C9927T,A12948T,T18905C,G22449A,A26332T,C28718T,A28103T,C5948T,C23451A,G25403T,T14288C,C21701T,C27759A,C27839T,C27927T,A11343G,C14288T,G24255A,C4794T,C17362T,C18747T,C20011T,T21848A,A21846C,G25998A,A26001T,G4319A,G15205T,A25998G,T26001A,T15618C,C15800T",hCoV-19/Mexico/TAM-INMEGEN-22-22/2021,EPI_ISL_3827104,GH,B.1.621,6.0,"(Spike R346K,Spike D614G,NSP12 P323L,Spike E484K,NS3 Q57H,NSP6 Q160R,NSP13 P419S,NSP3 T237A,Spike D950N,N T205I,NSP3 A562T,Spike Y144T,Spike T95I,Spike ins145N,Spike P681H,Spike Y145S,NS3 V256I,NSP12 M629I,Spike N501Y,NS8 T11K,NS8 S67F,NS8 P38S,NSP3 T720I,NSP4 T492I)"
UPLOAD|hCoV-19/USA/FL-CDC-ASC210156033/2021|EPI_ISL_4360402|2021-07-08,1,7,,"A23250G,C14288T,C170T,C2959T,C987T,G25403T,A22910T,G22859A,T987C,T25403G,A3349G,C9927T,A12948T,T18905C,G22449A,A26332T,C28718T,A28103T,C5948T,C23451A,G25403T,T14288C,C21701T,C27759A,C27839T,C27927T,A11343G,C14288T,G24255A,C4794T,C17362T,C18747T,C20011T,T21848A,A21846C,G25998A,A26001T,A14880G,G16893T,C25292G,C151T,C6056T,C28922T,G2321A,T23425A,G25115T,G25821T,A25998G,T26001A,C29510T",hCoV-19/Aruba/AW-RIVM-53901/2021,EPI_ISL_3917534,GH,B.1.621,11.0,"(Spike R346K,NSP4 N4S,Spike D614G,Spike Q1113K,NSP12 P323L,Spike E484K,NSP13 E261D,NSP6 Q160R,NSP13 P419S,NS3 Q57H,NSP3 T237A,Spike D950N,N T205I,Spike Y144T,NSP12 Y521C,Spike T95I,Spike ins145N,Spike P681H,Spike Y145S,NS3 V256I,Spike N501Y,NS8 T11K,NSP4 A162V,NS8 S67F,NS8 P38S,NSP3 T720I,NS3 I20M,NSP4 T492I)"
UPLOAD|hCoV-19/USA/FL-CDC-ASC210162211/2021|EPI_ISL_4361579|2021-07-20,1,1,,"A23250G,C14288T,C170T,C2959T,C987T,G25403T,A22910T,G22859A,T987C,T25403G,A3349G,C9927T,A12948T,T18905C,G22449A,A26332T,C28718T,A28103T,C5948T,C23451A,G25403T,T14288C,C21701T,C27759A,C27839T,C27927T,A11343G,C14288T,G24255A,C4794T,C17362T,C18747T,C20011T,T21848A,C16626A,G28209T,G18282T,A21846C,G1613T,T4600C,G22660T,G25998A,A26001C,C21846A,A21848T,A25998G,C26001A,T5249A",hCoV-19/Spain/CL-COV10572/2021,EPI_ISL_3646361,GH,B.1.621,3.0,"(NSP2 A294S,Spike R346K,NSP14 V125F,Spike D614G,NSP12 P323L,Spike E484K,Spike K417N,NS3 Q57H,NSP6 Q160R,NSP13 P419S,NSP3 T237A,Spike D950N,N T205I,Spike T95I,Spike P681H,NSP13 P172H,NS3 V256I,Spike N501Y,NS8 T11K,NSP2 S543F,NS8 S67F,NS8 P38S,NSP3 T720I,NSP4 T492I)"
UPLOAD|hCoV-19/USA/FL-CDC-ASC210162296/2021|EPI_ISL_4361387|2021-07-20,1,0,,"A23250G,C14288T,C170T,C2959T,C987T,G25403T,A22910T,G22859A,T987C,T25403G,A3349G,C9927T,A12948T,T18905C,G22449A,A26332T,C28718T,A28103T,C5948T,C23451A,G25403T,T14288C,C21701T,C27759A,C27839T,C27927T,A11343G,C14288T,G24255A,C4794T,C17362T,C18747T,C20011T,T21848A,A21846C,C5107T,C17577T,G29603T,G13392T,T664C,G1346A,C11649T,C25309T",hCoV-19/USA/FL-CDC-ASC210156110/2021,EPI_ISL_4186286,GH,B.1.621,0.0,"(Spike R346K,Spike D614G,NSP12 P323L,Spike E484K,NSP6 Q160R,NSP13 P419S,NS3 Q57H,NSP3 T237A,Spike D950N,N T205I,NSP13 P491S,Spike Y144T,NSP12 C22F,Spike T95I,Spike ins145N,Spike P681H,Spike Y145S,NS3 V256I,NS3 S26L,NSP2 A205T,Spike N501Y,NS8 T11K,NS8 S67F,NS8 P38S,NSP3 T720I,NSP4 T492I)"
UPLOAD|hCoV-19/USA/FL-CDC-ASC210162397/2021|EPI_ISL_4361065|2021-07-20,1,4,,"A23250G,C14288T,C170T,C2959T,C987T,G25403T,A22910T,G22859A,T987C,T25403G,A3349G,C9927T,A12948T,T18905C,G22449A,A26332T,C28718T,A28103T,C5948T,C23451A,G25403T,T14288C,C21701T,C27759A,C27839T,C27927T,A11343G,C14288T,G24255A,C4794T,C17362T,C18747T,C20011T,T21848A,A21846C,G25998A,A26001T,G3892A,C12404T,C24849T,G21655T,C136T,C468T,C10930T,C24347T,C18798T,C16884T,C17847T,A25998G,T26001A",hCoV-19/USA/FL-CDC-ASC210242779/2021,EPI_ISL_4186520,GH,B.1.621,6.0,"(Spike R346K,Spike D614G,NSP12 P323L,Spike E484K,Spike D80Y,NSP6 Q160R,NSP13 P419S,NS3 Q57H,NSP6 L22F,NSP3 T237A,NSP3 E419K,Spike D950N,N T205I,NSP1 L92F,NSP8 T141M,Spike T95I,Spike P681H,NS3 V256I,Spike N501Y,NS8 T11K,NS8 S67F,NS8 P38S,NSP14 P297S,NSP3 T720I,NSP4 T492I)"
UPLOAD|hCoV-19/USA/FL-CDC-STM-000041035/2021|EPI_ISL_4347631|2021-03-20,1,3,,"A23250G,C14288T,C170T,C2959T,C987T,G25403T,A22910T,G22859A,T987C,T25403G,A3349G,C9927T,A12948T,T18905C,G22449A,A26332T,C28718T,A28103T,C5948T,C23451A,G25403T,T14288C,C21701T,C27759A,C27839T,C27927T,A11343G,C14288T,G24255A,C4794T,C17362T,C18747T,C20011T,T21848A,A21846C,C8948T,C15734T,C21769T",hCoV-19/USA/AR-CDC-4106635-001/2021,EPI_ISL_2179088,GH,B.1.621,6.0,"(Spike R346K,Spike D614G,NSP12 P323L,Spike E484K,NS3 Q57H,NSP6 Q160R,NSP13 P419S,NSP3 T237A,Spike D950N,N T205I,Spike Y144T,Spike T95I,Spike ins145N,Spike P681H,Spike Y145S,Spike N501Y,NS8 T11K,NS8 S67F,NS8 P38S,N E367Q,NSP3 T720I,NSP4 T492I)"
UPLOAD|hCoV-19/USA/FL-CDC-STM-000062827/2021|EPI_ISL_4347427|2021-04-25,2,4,Multiple parsimony-optimal placements found. Placement done without high confidence.,"A23250G,C14288T,C170T,C2959T,C987T,G25403T,A22910T,G22859A,T987C,T25403G,A3349G,C9927T,A12948T,T18905C,G22449A,A26332T,C28718T,A28103T,C5948T,C23451A,G25403T,T14288C,C21701T,C27759A,C27839T,C27927T,A11343G,C14288T,G24255A,C4794T,C17362T,C18747T,C20011T,T21848A,A21846C,C25548T,C7642T,C18438T,A28572G",hCoV-19/USA/AR-CDC-4106635-001/2021,EPI_ISL_2179088,GH,B.1.621,7.0,"(Spike R346K,Spike D614G,NSP12 P323L,Spike E484K,NS3 Q57H,NSP6 Q160R,NSP13 P419S,NSP3 T237A,Spike D950N,N T205I,Spike Y144T,Spike T95I,Spike ins145N,Spike P681H,Spike Y145S,Spike N501Y,NS8 T11K,NS8 S67F,NS8 P38S,N E367Q,NSP3 T720I,NSP4 T492I)"
UPLOAD|hCoV-19/USA/FL-CDC-STM-000063705/2021|EPI_ISL_4347699|2021-04-25,1,2,,"A23250G,C14288T,C170T,C2959T,C987T,G25403T,A22910T,G22859A,T987C,T25403G,A3349G,C9927T,A12948T,T18905C,G22449A,A26332T,C28718T,A28103T,C5948T,C23451A,G25403T,T14288C,C21701T,C27759A,C27839T,C27927T,A11343G,C14288T,G24255A,C4794T,C17362T,C18747T,C20011T,T21848A,A21846C,G25998A,A26001T,C1612T,C2070T,A17107G,C18452T,C24217T,C28303T,C28437T,A25998G,T26001A",hCoV-19/Mexico/COA_LANGEBIO_IMSS_1690/2021,EPI_ISL_3568830,GH,B.1.621,3.0,"(Spike R346K,Spike D614G,N P67S,NSP12 P323L,NSP13 I334V,Spike E484K,NS3 Q57H,NSP6 Q160R,NSP13 P419S,NSP3 T237A,Spike D950N,N T205I,Spike Y144T,Spike T95I,Spike ins145N,Spike P681H,Spike Y145S,NS3 V256I,Spike N501Y,Spike K1149R,NS8 T11K,NS8 S67F,NS8 P38S,NSP3 T720I,NSP4 T492I)"
UPLOAD|hCoV-19/USA/FL-CDC-STM-000064515/2021|EPI_ISL_4347518|2021-04-25,1,9,,"A23250G,C14288T,C170T,C2959T,C987T,G25403T,A22910T,G22859A,T987C,T25403G,A3349G,C9927T,A12948T,T18905C,G22449A,A26332T,C28718T,A28103T,C5948T,C23451A,G25403T,T14288C,C21701T,C27759A,C27839T,C27927T,A11343G,C14288T,G24255A,C4794T,C17362T,C18747T,C20011T,T21848A,A21846C,G25998A,A26001T,A14880G,G16893T,C25292G,G22198T,C20870T,C29380T,A3300G,C19897T,T22198G,T25426C,A25998G,T26001A,T28084C,A28086C,T12960A",hCoV-19/Colombia/ANT-CWOHC-VG-SEC00276P/2021,EPI_ISL_1960082,GH,B.1.621,10.0,"(Spike R346K,Spike D614G,NSP12 P323L,Spike E484K,NSP13 E261D,NS3 Q57H,NSP6 Q160R,NSP13 P419S,NSP3 T237A,Spike D950N,N T205I,NSP16 T117I,Spike Y144T,NSP12 Y521C,Spike T95I,Spike ins145N,Spike P681H,Spike Y145S,NS3 V256I,Spike N501Y,NS8 T11K,NSP6 P44S,NS8 S67F,NS8 P38S,NSP3 T720I,NS3 I20M,NSP4 T492I)"
UPLOAD|hCoV-19/USA/FL-CDC-STM-000065389/2021|EPI_ISL_4347582|2021-04-27,3,5,Multiple parsimony-optimal placements found. Placement done without high confidence.,"A23250G,C14288T,C170T,C2959T,C987T,G25403T,A22910T,G22859A,T987C,T25403G,A3349G,C9927T,A12948T,T18905C,G22449A,A26332T,C28718T,A28103T,C5948T,C23451A,G25403T,T14288C,C21701T,C27759A,C27839T,C27927T,A11343G,C14288T,G24255A,C4794T,C17362T,C18747T,C20011T,T21848A,C16626A,G28209T,C7671T,C17341T,A21846C,C27683T,G29175T",hCoV-19/Colombia/DC-INS-389464/2021,EPI_ISL_4196885,GH,B.1.621,7.0,"(Spike R346K,NSP14 V125F,Spike D614G,NSP12 P323L,Spike E484K,NS3 Q57H,NSP6 Q160R,NSP13 P419S,NSP3 T237A,Spike D950N,N T205I,Spike Y144T,Spike T95I,Spike ins145N,Spike P681H,NSP13 P172H,NS3 V256I,Spike N501Y,NS8 T11K,NS8 S67F,NS8 P38S,NSP3 T720I,NSP4 T492I)"
UPLOAD|hCoV-19/USA/FL-CDC-STM-000066034/2021|EPI_ISL_4347619|2021-04-28,1,7,,"A23250G,C14288T,C170T,C2959T,C987T,G25403T,A22910T,G22859A,T987C,T25403G,A3349G,C9927T,A12948T,T18905C,G22449A,A26332T,C28718T,A28103T,C5948T,C23451A,G25403T,T14288C,C21701T,C27759A,C27839T,C27927T,A11343G,C14288T,G24255A,C4794T,C17362T,C18747T,C20011T,T21848A,A21846C,C5107T,C17577T,G29603T,C13843T,C14001T,C16168T,C22080T,C24221T,G25295T,T26011C",hCoV-19/Colombia/BOY-INS-17422132569/2021,EPI_ISL_4197245,GH,B.1.621,7.0,"(Spike R346K,Spike D614G,NSP12 P323L,Spike E484K,NS3 Q57H,NSP6 Q160R,NSP13 P419S,NSP3 T237A,Spike D950N,N T205I,Spike Y144T,NSP13 P491S,Spike T95I,Spike ins145N,Spike P681H,NS3 V256I,Spike N501Y,NS8 T11K,NS8 S67F,NS8 P38S,NSP3 T720I,NSP4 T492I)"
UPLOAD|hCoV-19/USA/FL-CDC-STM-000068640/2021|EPI_ISL_4347548|2021-05-03,1,2,,"A23250G,C14288T,C170T,C2959T,C987T,G25403T,A22910T,G22859A,T987C,T25403G,A3349G,C9927T,A12948T,T18905C,G22449A,A26332T,C28718T,A28103T,C5948T,C23451A,G25403T,T14288C,C21701T,C27759A,C27839T,C27927T,A11343G,C14288T,G24255A,C4794T,C17362T,C18747T,C20011T,T21848A,A21846C,G25998A,A26001T,G4319A,G15205T,A25998G,T26001A,C4498T,A14794C",hCoV-19/Mexico/TAM-INMEGEN-22-22/2021,EPI_ISL_3827104,GH,B.1.621,6.0,"(Spike R346K,Spike D614G,NSP12 P323L,Spike E484K,NS3 Q57H,NSP6 Q160R,NSP13 P419S,NSP3 T237A,Spike D950N,N T205I,NSP3 A562T,Spike Y144T,Spike T95I,Spike ins145N,Spike P681H,Spike Y145S,NS3 V256I,NSP12 M629I,Spike N501Y,NS8 T11K,NS8 S67F,NS8 P38S,NSP3 T720I,NSP4 T492I)"
UPLOAD|hCoV-19/USA/FL-CDC-STM-000069358/2021|EPI_ISL_4347444|2021-05-04,2,5,Multiple parsimony-optimal placements found. Placement done without high confidence.,"A23250G,C14288T,C170T,C2959T,C987T,G25403T,A22910T,G22859A,T987C,T25403G,A3349G,C9927T,A12948T,T18905C,G22449A,A26332T,C28718T,A28103T,C5948T,C23451A,G25403T,T14288C,C21701T,C27759A,C27839T,C27927T,A11343G,C14288T,G24255A,C4794T,C17362T,C18747T,C20011T,T21848A,A21846C,C7671T,C7747T,G25896T,C26733T,C28362T",hCoV-19/USA/AR-CDC-4106635-001/2021,EPI_ISL_2179088,GH,B.1.621,8.0,"(Spike R346K,Spike D614G,NSP12 P323L,Spike E484K,NS3 Q57H,NSP6 Q160R,NSP13 P419S,NSP3 T237A,Spike D950N,N T205I,Spike Y144T,Spike T95I,Spike ins145N,Spike P681H,Spike Y145S,Spike N501Y,NS8 T11K,NS8 S67F,NS8 P38S,N E367Q,NSP3 T720I,NSP4 T492I)"
UPLOAD|hCoV-19/USA/FL-CDC-STM-000070928/2021|EPI_ISL_4347556|2021-05-05,2,3,Multiple parsimony-optimal placements found. Placement done without high confidence.,"A23250G,C14288T,C170T,C2959T,C987T,G25403T,A22910T,G22859A,T987C,T25403G,A3349G,C9927T,A12948T,T18905C,G22449A,A26332T,C28718T,A28103T,C5948T,C23451A,G25403T,T14288C,C21701T,C27759A,C27839T,C27927T,A11343G,C14288T,G24255A,C4794T,C17362T,C18747T,C20011T,T21848A,A21846C,G25998A,A26001T,A14880G,G16893T,C25292G,C12364T,G25091T,C27493T,G20532A,A25998G,T26001A",hCoV-19/Mexico/GRO_LANGEBIO_IMSS_1869/2021,EPI_ISL_3568837,GH,B.1.621,4.0,"(Spike R346K,Spike D614G,NSP12 P323L,Spike E484K,NSP13 E261D,NS3 Q57H,NSP6 Q160R,NSP13 P419S,NSP3 T237A,Spike D950N,N T205I,Spike M1229I,Spike Y144T,NSP12 Y521C,Spike T95I,Spike ins145N,Spike P681H,Spike Y145S,NS3 V256I,Spike N501Y,NS8 T11K,NS8 S67F,NS8 P38S,NSP3 T720I,NS3 I20M,NSP4 T492I)"
UPLOAD|hCoV-19/USA/FL-CDC-STM-000072525/2021|EPI_ISL_4347627|2021-05-09,1,2,,"A23250G,C14288T,C170T,C2959T,C987T,G25403T,A22910T,G22859A,T987C,T25403G,A3349G,C9927T,A12948T,T18905C,G22449A,A26332T,C28718T,A28103T,C5948T,C23451A,G25403T,T14288C,C21701T,C27759A,C27839T,C27927T,A11343G,C14288T,G24255A,C4794T,C17362T,C18747T,C20011T,T21848A,A21846C,G25998A,A26001T,C25548T,T28449A,C14411T,C28342T,G3180T,C17783T,C17847T,G21113T,A25998G,T26001A",hCoV-19/Aruba/AW-RIVM-38105/2021,EPI_ISL_2476283,GH,B.1.621,2.0,"(Spike R346K,Spike D614G,NSP12 P323L,Spike E484K,NSP6 Q160R,NSP13 P419S,NS3 Q57H,NSP3 T237A,Spike D950N,N T205I,N P80S,NSP12 S364F,NS3 L106F,Spike Y144T,Spike T95I,Spike ins145N,Spike P681H,Spike Y145S,NS3 V256I,Spike N501Y,NSP13 L581F,NS8 T11K,NSP3 Q180H,NS8 S67F,NS8 P38S,NSP3 T720I,NSP4 T492I)"
UPLOAD|hCoV-19/USA/FL-CDC-STM-000072861/2021|EPI_ISL_4347483|2021-05-10,1,3,,"A23250G,C14288T,C170T,C2959T,C987T,G25403T,A22910T,G22859A,T987C,T25403G,A3349G,C9927T,A12948T,T18905C,G22449A,A26332T,C28718T,A28103T,C5948T,C23451A,G25403T,T14288C,C21701T,C27759A,C27839T,C27927T,A11343G,C14288T,G24255A,C4794T,C17362T,C18747T,C20011T,T21848A,A21846C,G25998A,A26001T,C25548T,T28449A,G5246A,A23647G,C13274T,A25998G,T26001A",hCoV-19/USA/FL-TGH-1368/2021,EPI_ISL_3720994,GH,B.1.621,8.0,"(Spike R346K,Spike D614G,NSP12 P323L,Spike E484K,NS3 Q57H,NSP6 Q160R,NSP13 P419S,NS3 V48F,NSP3 T237A,Spike D950N,N T205I,NS3 L106F,Spike Y144T,NSP12 A449T,Spike T95I,Spike ins145N,Spike P681H,Spike Y145S,NS3 V256I,Spike N501Y,NS8 T11K,NSP5 K90R,NS8 S67F,NS8 P38S,NSP3 T720I,NSP4 T492I)"
