uploaded,placements,parsimony,message,mutation_path,neighbour,neighbour_id,neighbour_clade,neighbour_lineage,neighbour_distance,neighbour_prot_mutations
UPLOAD|hCoV-19/USA/FL-CDC-FG-014233/2021|EPI_ISL_4372077|2021-03-17,2,2,Multiple parsimony-optimal placements found. Placement done without high confidence.,"A23250G,C14288T,C170T,C2959T,C987T,G25403T,A22910T,G22859A,T987C,T25403G,A3349G,C9927T,A12948T,T18905C,G22449A,A26332T,C28718T,A28103T,C5948T,C23451A,G25403T,T14288C,C21701T,C27759A,C27839T,C27927T,A11343G,C14288T,G24255A,C4794T,C17362T,C18747T,C20011T,T21848A,A21846C,T15172C,A19193G",hCoV-19/USA/AR-CDC-4106635-001/2021,EPI_ISL_2179088,GH,B.1.621,5.0,"(Spike R346K,Spike D614G,NSP12 P323L,Spike E484K,NS3 Q57H,NSP6 Q160R,NSP13 P419S,NSP3 T237A,Spike D950N,N T205I,Spike Y144T,Spike T95I,Spike ins145N,Spike P681H,Spike Y145S,Spike N501Y,NS8 T11K,NS8 S67F,NS8 P38S,N E367Q,NSP3 T720I,NSP4 T492I)"
UPLOAD|hCoV-19/USA/FL-CDC-FG-027246/2021|EPI_ISL_4371982|2021-04-17,2,0,Multiple parsimony-optimal placements found. Placement done without high confidence.,"A23250G,C14288T,C170T,C2959T,C987T,G25403T,A22910T,G22859A,T987C,T25403G,A3349G,C9927T,A12948T,T18905C,G22449A,A26332T,C28718T,A28103T,C5948T,C23451A,G25403T,T14288C,C21701T,C27759A,C27839T,C27927T,A11343G,C14288T,G24255A,C4794T,C17362T,C18747T,C20011T,T21848A,A21846C",hCoV-19/USA/AR-CDC-4106635-001/2021,EPI_ISL_2179088,GH,B.1.621,3.0,"(Spike R346K,Spike D614G,NSP12 P323L,Spike E484K,NS3 Q57H,NSP6 Q160R,NSP13 P419S,NSP3 T237A,Spike D950N,N T205I,Spike Y144T,Spike T95I,Spike ins145N,Spike P681H,Spike Y145S,Spike N501Y,NS8 T11K,NS8 S67F,NS8 P38S,N E367Q,NSP3 T720I,NSP4 T492I)"
UPLOAD|hCoV-19/USA/FL-CDC-FG-030491/2021|EPI_ISL_4371757|2021-04-28,1,1,,"A23250G,C14288T,C170T,C2959T,C987T,G25403T,A22910T,G22859A,T987C,T25403G,A3349G,C9927T,A12948T,T18905C,G22449A,A26332T,C28718T,A28103T,C5948T,C23451A,G25403T,T14288C,C21701T,C27759A,C27839T,C27927T,A11343G,C14288T,G24255A,C4794T,C17362T,C18747T,C20011T,T21848A,A21846C,G25998A,A26001T,A14880G,G16893T,C25292G,C12364T,G25091T,C27493T,G20532A,A25998G,T26001A,C3908T",hCoV-19/Mexico/GRO_LANGEBIO_IMSS_1869/2021,EPI_ISL_3568837,GH,B.1.621,5.0,"(Spike R346K,Spike D614G,NSP12 P323L,Spike E484K,NSP13 E261D,NS3 Q57H,NSP6 Q160R,NSP13 P419S,NSP3 T237A,Spike D950N,N T205I,Spike M1229I,Spike Y144T,NSP12 Y521C,Spike T95I,Spike ins145N,Spike P681H,Spike Y145S,NS3 V256I,Spike N501Y,NS8 T11K,NS8 S67F,NS8 P38S,NSP3 T720I,NS3 I20M,NSP4 T492I)"
UPLOAD|hCoV-19/USA/FL-CDC-FG-031342/2021|EPI_ISL_4371705|2021-04-30,2,2,Multiple parsimony-optimal placements found. Placement done without high confidence.,"A23250G,C14288T,C170T,C2959T,C987T,G25403T,A22910T,G22859A,T987C,T25403G,A3349G,C9927T,A12948T,T18905C,G22449A,A26332T,C28718T,A28103T,C5948T,C23451A,G25403T,T14288C,C21701T,C27759A,C27839T,C27927T,A11343G,C14288T,G24255A,C4794T,C17362T,C18747T,C20011T,T21848A,A21846C,G25998A,A26001T,G4319A,G15205T,A25998G,T26001A,A14794C,G7235T",hCoV-19/Mexico/TAM-INMEGEN-22-22/2021,EPI_ISL_3827104,GH,B.1.621,6.0,"(Spike R346K,Spike D614G,NSP12 P323L,Spike E484K,NS3 Q57H,NSP6 Q160R,NSP13 P419S,NSP3 T237A,Spike D950N,N T205I,NSP3 A562T,Spike Y144T,Spike T95I,Spike ins145N,Spike P681H,Spike Y145S,NS3 V256I,NSP12 M629I,Spike N501Y,NS8 T11K,NS8 S67F,NS8 P38S,NSP3 T720I,NSP4 T492I)"
UPLOAD|hCoV-19/USA/FL-CDC-FG-031434/2021|EPI_ISL_4372426|2021-05-01,2,3,Multiple parsimony-optimal placements found. Placement done without high confidence.,"A23250G,C14288T,C170T,C2959T,C987T,G25403T,A22910T,G22859A,T987C,T25403G,A3349G,C9927T,A12948T,T18905C,G22449A,A26332T,C28718T,A28103T,C5948T,C23451A,G25403T,T14288C,C21701T,C27759A,C27839T,C27927T,A11343G,C14288T,G24255A,C4794T,C17362T,C18747T,C20011T,T21848A,A21846C,G7235T,G15121T,G25115T",hCoV-19/USA/AR-CDC-4106635-001/2021,EPI_ISL_2179088,GH,B.1.621,6.0,"(Spike R346K,Spike D614G,NSP12 P323L,Spike E484K,NS3 Q57H,NSP6 Q160R,NSP13 P419S,NSP3 T237A,Spike D950N,N T205I,Spike Y144T,Spike T95I,Spike ins145N,Spike P681H,Spike Y145S,Spike N501Y,NS8 T11K,NS8 S67F,NS8 P38S,N E367Q,NSP3 T720I,NSP4 T492I)"
UPLOAD|hCoV-19/USA/FL-CDC-FG-031959/2021|EPI_ISL_4371708|2021-04-29,1,1,,"A23250G,C14288T,C170T,C2959T,C987T,G25403T,A22910T,G22859A,T987C,T25403G,A3349G,C9927T,A12948T,T18905C,G22449A,A26332T,C28718T,A28103T,C5948T,C23451A,G25403T,T14288C,C21701T,C27759A,C27839T,C27927T,A11343G,C14288T,G24255A,C4794T,C17362T,C18747T,C20011T,T21848A,A21846C,G25998A,A26001T,G4319A,G15205T,A25998G,T26001A,A14794C,C4498T",hCoV-19/Mexico/TAM-INMEGEN-22-22/2021,EPI_ISL_3827104,GH,B.1.621,6.0,"(Spike R346K,Spike D614G,NSP12 P323L,Spike E484K,NS3 Q57H,NSP6 Q160R,NSP13 P419S,NSP3 T237A,Spike D950N,N T205I,NSP3 A562T,Spike Y144T,Spike T95I,Spike ins145N,Spike P681H,Spike Y145S,NS3 V256I,NSP12 M629I,Spike N501Y,NS8 T11K,NS8 S67F,NS8 P38S,NSP3 T720I,NSP4 T492I)"
UPLOAD|hCoV-19/USA/FL-CDC-FG-032713/2021|EPI_ISL_4371547|2021-05-01,1,0,,"A23250G,C14288T,C170T,C2959T,C987T,G25403T,A22910T,G22859A,T987C,T25403G,A3349G,C9927T,A12948T,T18905C,G22449A,A26332T,C28718T,A28103T,C5948T,C23451A,G25403T,T14288C,C21701T,C27759A,C27839T,C27927T,A11343G,C14288T,G24255A,C4794T,C17362T,C18747T,C20011T,T21848A,A21846C,G25998A,A26001T,A14880G,G16893T,C25292G,C12364T,G25091T,C27493T,G20532A,A25998G,T26001A",hCoV-19/Mexico/GRO_LANGEBIO_IMSS_1869/2021,EPI_ISL_3568837,GH,B.1.621,4.0,"(Spike R346K,Spike D614G,NSP12 P323L,Spike E484K,NSP13 E261D,NS3 Q57H,NSP6 Q160R,NSP13 P419S,NSP3 T237A,Spike D950N,N T205I,Spike M1229I,Spike Y144T,NSP12 Y521C,Spike T95I,Spike ins145N,Spike P681H,Spike Y145S,NS3 V256I,Spike N501Y,NS8 T11K,NS8 S67F,NS8 P38S,NSP3 T720I,NS3 I20M,NSP4 T492I)"
UPLOAD|hCoV-19/USA/FL-CDC-FG-033370/2021|EPI_ISL_4371484|2021-05-08,1,1,,"A23250G,C14288T,C170T,C2959T,C987T,G25403T,A22910T,G22859A,T987C,T25403G,A3349G,C9927T,A12948T,T18905C,G22449A,A26332T,C28718T,A28103T,C5948T,C23451A,G25403T,T14288C,C21701T,C27759A,C27839T,C27927T,A11343G,C14288T,G24255A,C4794T,C17362T,C18747T,C20011T,T21848A,A21846C,C5107T,C17577T,A6613G,C9018T,T22236A,G26007T,C20265T,C28488T,T29572C,T28084C,A28086C,T21227C,T26007G",hCoV-19/Brazil/SP-IB_126879/2021,EPI_ISL_3878175,GH,B.1.621.1,8.0,"(Spike R346K,Spike D614G,NSP12 P323L,NSP3 N1329D,Spike E484K,NSP4 H31Y,NS3 N257H,NSP6 Q160R,NSP13 P419S,NS3 Q57H,NSP3 T237A,N T205I,NS3 V259L,NSP4 T189I,NS7a Q94K,NSP13 P491S,Spike Y144T,Spike T95I,Spike ins145N,Spike P681H,NSP15 S261L,Spike Y145S,NS3 V256I,NSP6 L37F,NSP14 G232R,Spike N501Y,NS8 T11K,N P365S,NS8 P38S,NSP3 T720I,NSP4 T492I,NS3 L86F)"
UPLOAD|hCoV-19/USA/FL-CDC-FG-033580/2021|EPI_ISL_4372169|2021-05-07,1,1,,"A23250G,C14288T,C170T,C2959T,C987T,G25403T,A22910T,G22859A,T987C,T25403G,A3349G,C9927T,A12948T,T18905C,G22449A,A26332T,C28718T,A28103T,C5948T,C23451A,G25403T,T14288C,C21701T,C27759A,C27839T,C27927T,A11343G,C14288T,G24255A,C4794T,C17362T,C18747T,C20011T,T21848A,A21846C,C5107T,C17577T,G29603T,C1685T,C18551T",hCoV-19/Colombia/BOY-INS-17223012569/2021,EPI_ISL_4197224,GH,B.1.621,1.0,"(Spike R346K,Spike D614G,NSP12 P323L,Spike E484K,NS3 Q57H,NSP6 Q160R,NSP13 P419S,NSP3 T237A,Spike D950N,N T205I,NSP2 A318V,Spike Y144T,NSP13 P491S,Spike T95I,Spike ins145N,Spike P681H,NS3 V256I,Spike N501Y,NS8 T11K,NS8 S67F,NS8 P38S,NSP3 T720I,NSP4 T492I)"
UPLOAD|hCoV-19/USA/FL-CDC-LC0040637/2021|EPI_ISL_4373680|2021-04-06,3,1,Multiple parsimony-optimal placements found. Placement done without high confidence.,"A23250G,C14288T,C170T,C2959T,C987T,G25403T,A22910T,G22859A,T987C,T25403G,A3349G,C9927T,A12948T,T18905C,G22449A,A26332T,C28718T,A28103T,C5948T,C23451A,G25403T,T14288C,C21701T,C27759A,C27839T,C27927T,A11343G,C14288T,G24255A,C4794T,C17362T,C18747T,C20011T,T21848A,A21846C,G25998A,A26001T,A14880G,G16893T,C25292G,A25998G,T26001A,C14479T",hCoV-19/Colombia/DC-INS-1911803/2021,EPI_ISL_4212169,GH,B.1.621,4.0,"(Spike R346K,Spike D614G,NSP12 P323L,Spike E484K,NSP13 E261D,NS3 Q57H,NSP6 Q160R,NSP13 P419S,NSP3 T237A,Spike D950N,N T205I,Spike Y144T,NSP12 Y521C,Spike T95I,Spike ins145N,Spike P681H,NS3 V256I,Spike N501Y,NS8 T11K,NS8 S67F,NS8 P38S,Spike T572I,NSP3 T720I,NS3 I20M,NSP4 T492I)"
UPLOAD|hCoV-19/USA/FL-CDC-LC0052147/2021|EPI_ISL_4372927|2021-04-21,1,8,,"A23250G,C14288T,C170T,C2959T,C987T,G25403T,A22910T,G22859A,T987C,T25403G,A3349G,C9927T,A12948T,T18905C,G22449A,A26332T,C28718T,A28103T,C5948T,C23451A,G25403T,T14288C,C21701T,C27759A,C27839T,C27927T,A11343G,C14288T,G24255A,C4794T,C17362T,C18747T,C20011T,T21848A,A21846C,G25998A,A26001T,A14880G,G16893T,C25292G,A25998G,T26001A,A3300G,C19897T,C20870T,T21701C,T25426C,T28084C,A28086C,C29380T",hCoV-19/Colombia/DC-INS-1911803/2021,EPI_ISL_4212169,GH,B.1.621,11.0,"(Spike R346K,Spike D614G,NSP12 P323L,Spike E484K,NSP13 E261D,NS3 Q57H,NSP6 Q160R,NSP13 P419S,NSP3 T237A,Spike D950N,N T205I,Spike Y144T,NSP12 Y521C,Spike T95I,Spike ins145N,Spike P681H,NS3 V256I,Spike N501Y,NS8 T11K,NS8 S67F,NS8 P38S,Spike T572I,NSP3 T720I,NS3 I20M,NSP4 T492I)"
UPLOAD|hCoV-19/USA/FL-CDC-LC0056650/2021|EPI_ISL_4373437|2021-05-04,1,2,,"A23250G,C14288T,C170T,C2959T,C987T,G25403T,A22910T,G22859A,T987C,T25403G,A3349G,C9927T,A12948T,T18905C,G22449A,A26332T,C28718T,A28103T,C5948T,C23451A,G25403T,T14288C,C21701T,C27759A,C27839T,C27927T,A11343G,C14288T,G24255A,C4794T,C17362T,C18747T,C20011T,T21848A,A21846C,G25998A,A26001T,C25548T,T28449A,C18438T,A25998G,T26001A,T18438C,C27332T",hCoV-19/Colombia/CHO-INS-VG-3265/2021,EPI_ISL_2500963,GH,B.1.621,7.0,"(Spike R346K,Spike D614G,NSP12 P323L,Spike E484K,NS3 Q57H,NSP6 Q160R,NSP13 P419S,NSP3 T237A,Spike D950N,N T205I,NS3 L106F,Spike Y144T,Spike T95I,Spike ins145N,Spike P681H,Spike Y145S,NS3 V256I,NSP1 M85del,Spike N501Y,NSP14 L177F,NS8 T11K,NSP3 Q474R,NSP1 V86del,NS8 S67F,NS8 P38S,NSP3 T720I,NSP4 T492I)"
UPLOAD|hCoV-19/USA/FL-CDC-LC0057407/2021|EPI_ISL_4373306|2021-05-10,2,1,Multiple parsimony-optimal placements found. Placement done without high confidence.,"A23250G,C14288T,C170T,C2959T,C987T,G25403T,A22910T,G22859A,T987C,T25403G,A3349G,C9927T,A12948T,T18905C,G22449A,A26332T,C28718T,A28103T,C5948T,C23451A,G25403T,T14288C,C21701T,C27759A,C27839T,C27927T,A11343G,C14288T,G24255A,C4794T,C17362T,C18747T,C20011T,T21848A,A21846C,C5107T,C17577T,A6613G,C9018T,T22236A,G26007T,C20265T,C28488T,T29572C,G27920T,T26007G",hCoV-19/USA/FL-CDC-ASC210247163/2021,EPI_ISL_3851709,GH,B.1.621.1,3.0,"(Spike R346K,Spike D614G,NSP12 P323L,NSP3 N1329D,Spike E484K,NS3 N257H,NSP6 Q160R,NSP13 P419S,NS3 Q57H,NSP3 T237A,Spike D950N,N T205I,NS3 V259L,NSP4 T189I,NSP13 P491S,Spike Y144T,Spike T95I,Spike ins145N,Spike P681H,NSP15 S261L,Spike Y145S,NS3 V256I,Spike N501Y,NS8 T11K,NS8 S67F,NS8 P38S,NSP3 T720I,NS8 A65S,NSP4 T492I)"
UPLOAD|hCoV-19/USA/FL-CDC-LC0068975/2021|EPI_ISL_4372655|2021-06-07,1,0,,"A23250G,C14288T,C170T,C2959T,C987T,G25403T,A22910T,G22859A,T987C,T25403G,A3349G,C9927T,A12948T,T18905C,G22449A,A26332T,C28718T,A28103T,C5948T,C23451A,G25403T,T14288C,C21701T,C27759A,C27839T,C27927T,A11343G,C14288T,G24255A,C4794T,C17362T,C18747T,C20011T,T21848A,A21846C,G25998A,A26001T,C25548T,T28449A,C14411T,C28342T,G3180T,C17783T,C17847T,G21113T,A25998G,T26001A,A8667G",hCoV-19/Aruba/AW-RIVM-38105/2021,EPI_ISL_2476283,GH,B.1.621,3.0,"(Spike R346K,Spike D614G,NSP12 P323L,Spike E484K,NSP6 Q160R,NSP13 P419S,NS3 Q57H,NSP3 T237A,Spike D950N,N T205I,N P80S,NSP12 S364F,NS3 L106F,Spike Y144T,Spike T95I,Spike ins145N,Spike P681H,Spike Y145S,NS3 V256I,Spike N501Y,NSP13 L581F,NS8 T11K,NSP3 Q180H,NS8 S67F,NS8 P38S,NSP3 T720I,NSP4 T492I)"
UPLOAD|hCoV-19/USA/FL-CDC-LC0075057/2021|EPI_ISL_4373672|2021-06-08,1,1,,"A23250G,C14288T,C170T,C2959T,C987T,G25403T,A22910T,G22859A,T987C,T25403G,A3349G,C9927T,A12948T,T18905C,G22449A,A26332T,C28718T,A28103T,C5948T,C23451A,G25403T,T14288C,C21701T,C27759A,C27839T,C27927T,A11343G,C14288T,G24255A,C4794T,C17362T,C18747T,C20011T,T21848A,A21846C,G25998A,A26001T,C25548T,T28449A,G2867A,C7671T,T10549C,C18199T,C18476T,G19348T,C20436T,A25936G,C3094A,T18476C,T28213C,A25998G,T26001A,C28213T",hCoV-19/USA/FL-CDC-ASC210248720/2021,EPI_ISL_3852100,GH,B.1.621,4.0,"(Spike R346K,NS3 K235R,NSP3 Q152K,Spike D614G,NS8 Q18stop,NSP12 P323L,NSP14 T97I,Spike E484K,NSP6 Q160R,NSP13 P419S,NS3 Q57H,NSP3 T237A,Spike D950N,N T205I,NSP3 G76S,NS3 L106F,NSP3 S1682F,Spike Y144T,Spike T95I,Spike ins145N,Spike P681H,Spike Y145S,NS3 V256I,Spike N501Y,NS8 T11K,NSP14 G481V,NS8 S67F,NS8 P38S,NSP3 T720I,NSP4 T492I,N S37P)"
UPLOAD|hCoV-19/USA/FL-CDC-LC0075115/2021|EPI_ISL_4372688|2021-06-11,2,7,Multiple parsimony-optimal placements found. Placement done without high confidence.,"A23250G,C14288T,C170T,C2959T,C987T,G25403T,A22910T,G22859A,T987C,T25403G,A3349G,C9927T,A12948T,T18905C,G22449A,A26332T,C28718T,A28103T,C5948T,C23451A,G25403T,T14288C,C21701T,C27759A,C27839T,C27927T,A11343G,C14288T,G24255A,C4794T,C17362T,C18747T,C20011T,T21848A,C16626A,G28209T,C6194T,C9430T,C10265T,G17298T,A21846C,C27891T,G29560T",hCoV-19/Colombia/DC-INS-389464/2021,EPI_ISL_4196885,GH,B.1.621,9.0,"(Spike R346K,NSP14 V125F,Spike D614G,NSP12 P323L,Spike E484K,NS3 Q57H,NSP6 Q160R,NSP13 P419S,NSP3 T237A,Spike D950N,N T205I,Spike Y144T,Spike T95I,Spike ins145N,Spike P681H,NSP13 P172H,NS3 V256I,Spike N501Y,NS8 T11K,NS8 S67F,NS8 P38S,NSP3 T720I,NSP4 T492I)"
UPLOAD|hCoV-19/USA/FL-CDC-LC0078945/2021|EPI_ISL_4372775|2021-06-16,2,2,Multiple parsimony-optimal placements found. Placement done without high confidence.,"A23250G,C14288T,C170T,C2959T,C987T,G25403T,A22910T,G22859A,T987C,T25403G,A3349G,C9927T,A12948T,T18905C,G22449A,A26332T,C28718T,A28103T,C5948T,C23451A,G25403T,T14288C,C21701T,C27759A,C27839T,C27927T,A11343G,C14288T,G24255A,C4794T,C17362T,C18747T,C20011T,T21848A,A21846C,C5107T,C17577T,A6613G,C9018T,T22236A,G26007T,C20265T,C28488T,T29572C,G8750A,T26007G",hCoV-19/USA/IA-SHL-1771783/2021,EPI_ISL_3672676,GH,B.1.621.1,2.0,"(Spike R346K,Spike D614G,NSP12 P323L,Spike E484K,NSP3 N1329D,NS3 N257H,NS3 Q57H,NSP6 Q160R,NSP13 P419S,NSP3 T237A,Spike D950N,N T205I,NS3 V259L,NSP4 T189I,NSP13 P491S,Spike Y144T,Spike T95I,Spike ins145N,Spike P681H,NSP15 S261L,NS3 V256I,Spike N501Y,NS8 T11K,NS8 S67F,NS8 P38S,NSP3 T720I,NSP4 T492I)"
UPLOAD|hCoV-19/USA/FL-CDC-LC0079240/2021|EPI_ISL_4373069|2021-06-21,1,1,,"A23250G,C14288T,C170T,C2959T,C987T,G25403T,A22910T,G22859A,T987C,T25403G,A3349G,C9927T,A12948T,T18905C,G22449A,A26332T,C28718T,A28103T,C5948T,C23451A,G25403T,T14288C,C21701T,C27759A,C27839T,C27927T,A11343G,C14288T,G24255A,C4794T,C17362T,C18747T,C20011T,T21848A,A21846C,C5107T,C17577T,G29603T,C11715T,C25756T,C11853T",hCoV-19/Colombia/DC-INS-666807/2021,EPI_ISL_4197210,GH,B.1.621,3.0,"(Spike R346K,Spike D614G,NSP12 P323L,Spike E484K,NS3 Q57H,NSP6 Q160R,NSP13 P419S,NSP3 T237A,Spike D950N,N T205I,Spike Y144T,NSP13 P491S,NS3 T175I,Spike T95I,Spike ins145N,Spike P681H,NS3 V256I,Spike N501Y,NSP2 S512F,NS8 T11K,NS8 S67F,NS8 P38S,NSP3 T720I,NSP4 T492I)"
UPLOAD|hCoV-19/USA/FL-CDC-LC0079265/2021|EPI_ISL_4372894|2021-06-20,1,2,,"A23250G,C14288T,C170T,C2959T,C987T,G25403T,A22910T,G22859A,T987C,T25403G,A3349G,C9927T,A12948T,T18905C,G22449A,A26332T,C28718T,A28103T,C5948T,C23451A,G25403T,T14288C,C21701T,C27759A,C27839T,C27927T,A11343G,C14288T,G24255A,C4794T,C17362T,C18747T,C20011T,T21848A,A21846C,G25998A,A26001T,G4319A,G15205T,A25998G,T26001A,C100T,A19392C",hCoV-19/Mexico/TAM-INMEGEN-22-22/2021,EPI_ISL_3827104,GH,B.1.621,6.0,"(Spike R346K,Spike D614G,NSP12 P323L,Spike E484K,NS3 Q57H,NSP6 Q160R,NSP13 P419S,NSP3 T237A,Spike D950N,N T205I,NSP3 A562T,Spike Y144T,Spike T95I,Spike ins145N,Spike P681H,Spike Y145S,NS3 V256I,NSP12 M629I,Spike N501Y,NS8 T11K,NS8 S67F,NS8 P38S,NSP3 T720I,NSP4 T492I)"
UPLOAD|hCoV-19/USA/FL-CDC-LC0089819/2021|EPI_ISL_4373130|2021-06-29,1,9,,"A23250G,C14288T,C170T,C2959T,C987T,G25403T,A22910T,G22859A,T987C,T25403G,A3349G,C9927T,A12948T,T18905C,G22449A,A26332T,C28718T,A28103T,C5948T,C23451A,G25403T,T14288C,C21701T,C27759A,C27839T,C27927T,A11343G,C14288T,G24255A,C4794T,C17362T,C18747T,C20011T,T21848A,A21846C,C5107T,C17577T,A6613G,C9018T,T22236A,G26007T,C20265T,C28488T,T29572C,C2847T,C29111T,T170C,C9755T,C16183T,G17130T,G18162T,T26007G,T27839C,T27927C,T28103A",hCoV-19/USA/LA-CDC-ASC210242611/2021,EPI_ISL_4186494,GH,B.1.621,13.0,"(Spike R346K,Spike D614G,NSP12 P323L,NSP3 N1329D,Spike E484K,NS3 N257H,NSP6 Q160R,NSP13 P419S,NS3 Q57H,NSP3 T237A,Spike D950N,N T205I,NS3 V259L,NSP4 T189I,NSP13 P491S,Spike Y144T,Spike T95I,Spike ins145N,Spike P681H,NSP15 S261L,Spike Y145S,NS3 V256I,Spike N501Y,NS8 T11K,NS8 S67F,NS8 P38S,Spike T572I,NSP3 A1711V,NSP3 S69F,NSP3 T720I,NSP4 T492I)"
UPLOAD|hCoV-19/USA/FL-CDC-LC0093766/2021|EPI_ISL_4372622|2021-07-05,1,7,,"A23250G,C14288T,C170T,C2959T,C987T,G25403T,A22910T,G22859A,T987C,T25403G,A3349G,C9927T,A12948T,T18905C,G22449A,A26332T,C28718T,A28103T,C5948T,C23451A,G25403T,T14288C,C21701T,C27759A,C27839T,C27927T,A11343G,C14288T,G24255A,C4794T,C17362T,C18747T,C20011T,T21848A,A21846C,G25998A,A26001T,G29229T,G25115T,G27597T,C13115T,C18356T,G22967T,C23588T,C25192T,A25998G,T26001A,G26569T,A29230T",hCoV-19/USA/CA-USAFSAM-S4173/2021,EPI_ISL_4078492,GH,B.1.621,9.0,"(Spike R346K,N D377Y,Spike D614G,NSP12 P323L,Spike E484K,NSP6 Q160R,NSP13 P419S,NS3 Q57H,NSP3 T237A,Spike D950N,N T205I,NSP1 H83del,Spike M1237I,Spike Y144T,NS7b E3stop,Spike T95I,Spike ins145N,Spike P681H,Spike Y145S,NS3 V256I,NSP1 V84del,NSP1 M85del,Spike N501Y,NSP3 G1273C,NS8 T11K,NSP1 V86del,NSP1 G82del,NS8 S67F,NS8 P38S,NSP3 T720I,NSP4 T492I)"
UPLOAD|hCoV-19/USA/FL-CDC-LC0095115/2021|EPI_ISL_4373538|2021-07-11,1,0,,"A23250G,C14288T,C170T,C2959T,C987T,G25403T,A22910T,G22859A,T987C,T25403G,A3349G,C9927T,A12948T,T18905C,G22449A,A26332T,C28718T,A28103T,C5948T,C23451A,G25403T,T14288C,C21701T,C27759A,C27839T,C27927T,A11343G,C14288T,G24255A,C4794T,C17362T,C18747T,C20011T,T21848A,A21846C,G25998A,A26001T,A17485G,A20482G,T2773C,A25998G,T26001A",hCoV-19/USA/FL-CDC-ASC210268967/2021,EPI_ISL_3857187,GH,B.1.621,3.0,"(Spike R346K,Spike D614G,NSP12 P323L,NSP15 K334E,Spike E484K,NS3 Q57H,NSP6 Q160R,NSP13 P419S,NSP3 T237A,Spike D950N,N T205I,Spike Y144T,Spike T95I,Spike ins145N,Spike P681H,Spike Y145S,NS3 V256I,Spike N501Y,NS8 T11K,NSP13 K460R,NS8 S67F,NS8 P38S,NSP3 T720I,NSP4 T492I)"
UPLOAD|hCoV-19/USA/FL-CDC-QDX24476634/2021|EPI_ISL_4371833|2021-04-29,1,0,,"A23250G,C14288T,C170T,C2959T,C987T,G25403T,A22910T,G22859A,T987C,T25403G,A3349G,C9927T,A12948T,T18905C,G22449A,A26332T,C28718T,A28103T,C5948T,C23451A,G25403T,T14288C,C21701T,C27759A,C27839T,C27927T,A11343G,C14288T,G24255A,C4794T,C17362T,C18747T,C20011T,T21848A,A21846C,G25998A,A26001T,A14880G,G16893T,C25292G,C12364T,G25091T,C27493T,G20532A,A25998G,T26001A",hCoV-19/Mexico/GRO_LANGEBIO_IMSS_1869/2021,EPI_ISL_3568837,GH,B.1.621,4.0,"(Spike R346K,Spike D614G,NSP12 P323L,Spike E484K,NSP13 E261D,NS3 Q57H,NSP6 Q160R,NSP13 P419S,NSP3 T237A,Spike D950N,N T205I,Spike M1229I,Spike Y144T,NSP12 Y521C,Spike T95I,Spike ins145N,Spike P681H,Spike Y145S,NS3 V256I,Spike N501Y,NS8 T11K,NS8 S67F,NS8 P38S,NSP3 T720I,NS3 I20M,NSP4 T492I)"
UPLOAD|hCoV-19/USA/FL-CDC-QDX24713253/2021|EPI_ISL_4371401|2021-05-06,2,4,Multiple parsimony-optimal placements found. Placement done without high confidence.,"A23250G,C14288T,C170T,C2959T,C987T,G25403T,A22910T,G22859A,T987C,T25403G,A3349G,C9927T,A12948T,T18905C,G22449A,A26332T,C28718T,A28103T,C5948T,C23451A,G25403T,T14288C,C21701T,C27759A,C27839T,C27927T,A11343G,C14288T,G24255A,C4794T,C17362T,C18747T,C20011T,T21848A,A21846C,G25998A,A26001T,A14880G,G16893T,C25292G,C12364T,G25091T,C27493T,G20532A,A25998G,T26001A,C13878T",hCoV-19/Mexico/GRO_LANGEBIO_IMSS_1869/2021,EPI_ISL_3568837,GH,B.1.621,5.0,"(Spike R346K,Spike D614G,NSP12 P323L,Spike E484K,NSP13 E261D,NS3 Q57H,NSP6 Q160R,NSP13 P419S,NSP3 T237A,Spike D950N,N T205I,Spike M1229I,Spike Y144T,NSP12 Y521C,Spike T95I,Spike ins145N,Spike P681H,Spike Y145S,NS3 V256I,Spike N501Y,NS8 T11K,NS8 S67F,NS8 P38S,NSP3 T720I,NS3 I20M,NSP4 T492I)"
UPLOAD|hCoV-19/USA/FL-CDC-QDX25726309/2021|EPI_ISL_4372401|2021-06-09,2,8,Multiple parsimony-optimal placements found. Placement done without high confidence.,"A23250G,C14288T,C170T,C2959T,C987T,G25403T,A22910T,G22859A,T987C,T25403G,A3349G,C9927T,A12948T,T18905C,G22449A,A26332T,C28718T,A28103T,C5948T,C23451A,G25403T,T14288C,C21701T,C27759A,C27839T,C27927T,A11343G,C14288T,G24255A,C4794T,C17362T,C18747T,C20011T,T21848A,A21846C,G148T,C10272T,G13269A,C24217T,C27544T,C27981T,T28076C,G28730T",hCoV-19/USA/AR-CDC-4106635-001/2021,EPI_ISL_2179088,GH,B.1.621,11.0,"(Spike R346K,Spike D614G,NSP12 P323L,Spike E484K,NS3 Q57H,NSP6 Q160R,NSP13 P419S,NSP3 T237A,Spike D950N,N T205I,Spike Y144T,Spike T95I,Spike ins145N,Spike P681H,Spike Y145S,Spike N501Y,NS8 T11K,NS8 S67F,NS8 P38S,N E367Q,NSP3 T720I,NSP4 T492I)"
UPLOAD|hCoV-19/USA/FL-CDC-QDX25726310/2021|EPI_ISL_4373392|2021-06-09,1,1,,"A23250G,C14288T,C170T,C2959T,C987T,G25403T,A22910T,G22859A,T987C,T25403G,A3349G,C9927T,A12948T,T18905C,G22449A,A26332T,C28718T,A28103T,C5948T,C23451A,G25403T,T14288C,C21701T,C27759A,C27839T,C27927T,A11343G,C14288T,G24255A,C4794T,C17362T,C18747T,C20011T,T21848A,A21846C,C5107T,C17577T,A6613G,C9018T,T22236A,G26007T,C20265T,C28488T,T29572C,G27920T,C24628T,C6897T,T26007G",hCoV-19/USA/NC-CDC-ASC210242732/2021,EPI_ISL_4186511,GH,B.1.621.1,3.0,"(Spike R346K,NSP3 S126P,Spike D614G,NSP12 P323L,NSP3 N1329D,Spike E484K,NS3 N257H,NSP6 Q160R,NSP13 P419S,NS3 Q57H,NSP3 T237A,Spike D950N,N T205I,NSP3 S1424F,NS3 V259L,NSP4 T189I,NSP13 P491S,Spike Y144T,Spike T95I,Spike ins145N,Spike P681H,NSP15 S261L,Spike Y145S,NS3 V256I,Spike N501Y,NS8 T11K,NS8 P38S,NSP3 T720I,NSP4 T492I)"
UPLOAD|hCoV-19/USA/FL-CDC-QDX25848070/2021|EPI_ISL_4372480|2021-06-10,1,6,,"A23250G,C14288T,C170T,C2959T,C987T,G25403T,A22910T,G22859A,T987C,T25403G,A3349G,C9927T,A12948T,T18905C,G22449A,A26332T,C28718T,A28103T,C5948T,C23451A,G25403T,T14288C,C21701T,C27759A,C27839T,C27927T,A11343G,C14288T,G24255A,C4794T,C17362T,C18747T,C20011T,T21848A,A21846C,G25998A,A26001T,G25896T,G20618T,C12216T,G3537A,A12298G,A25998G,T26001A,C28387T,C28434T",hCoV-19/Colombia/DC-INS-409483/2021,EPI_ISL_4212134,GH,B.1.621,6.0,"(Spike R346K,NSP16 S33I,Spike D614G,NSP12 P323L,Spike E484K,NS3 Q57H,NSP6 Q160R,NSP13 P419S,NSP3 T237A,Spike D950N,N T205I,Spike Y144T,Spike T95I,Spike ins145N,Spike P681H,NS3 V256I,NS3 D222Y,Spike N501Y,NS8 T11K,NS8 S67F,NS8 P38S,NSP3 T720I,NSP4 T492I)"
UPLOAD|hCoV-19/USA/FL-CDC-QDX25848085/2021|EPI_ISL_4372926|2021-06-10,1,1,,"A23250G,C14288T,C170T,C2959T,C987T,G25403T,A22910T,G22859A,T987C,T25403G,A3349G,C9927T,A12948T,T18905C,G22449A,A26332T,C28718T,A28103T,C5948T,C23451A,G25403T,T14288C,C21701T,C27759A,C27839T,C27927T,A11343G,C14288T,G24255A,C4794T,C17362T,C18747T,C20011T,T21848A,A21846C,G25998A,A26001T,G25896T,G20618T,C12216T,G3537A,A12298G,A25998G,T26001A,C28387T,T153C",hCoV-19/Colombia/DC-INS-409483/2021,EPI_ISL_4212134,GH,B.1.621,6.0,"(Spike R346K,NSP16 S33I,Spike D614G,NSP12 P323L,Spike E484K,NS3 Q57H,NSP6 Q160R,NSP13 P419S,NSP3 T237A,Spike D950N,N T205I,Spike Y144T,Spike T95I,Spike ins145N,Spike P681H,NS3 V256I,NS3 D222Y,Spike N501Y,NS8 T11K,NS8 S67F,NS8 P38S,NSP3 T720I,NSP4 T492I)"
UPLOAD|hCoV-19/USA/FL-CDC-QDX25848099/2021|EPI_ISL_4371471|2021-06-11,1,0,,"A23250G,C14288T,C170T,C2959T,C987T,G25403T,A22910T,G22859A,T987C,T25403G,A3349G,C9927T,A12948T,T18905C,G22449A,A26332T,C28718T,A28103T,C5948T,C23451A,G25403T,T14288C,C21701T,C27759A,C27839T,C27927T,A11343G,C14288T,G24255A,C4794T,C17362T,C18747T,C20011T,T21848A,C16626A,G28209T,G18282T,A21846C,G7052A,C12425T,T16118A,T24242A,G26229A,G27861A",hCoV-19/Colombia/DC-INS-389464/2021,EPI_ISL_4196885,GH,B.1.621,6.0,"(Spike R346K,NSP14 V125F,Spike D614G,NSP12 P323L,Spike E484K,NS3 Q57H,NSP6 Q160R,NSP13 P419S,NSP3 T237A,Spike D950N,N T205I,Spike Y144T,Spike T95I,Spike ins145N,Spike P681H,NSP13 P172H,NS3 V256I,Spike N501Y,NS8 T11K,NS8 S67F,NS8 P38S,NSP3 T720I,NSP4 T492I)"
UPLOAD|hCoV-19/USA/FL-CDC-QDX25848116/2021|EPI_ISL_4371604|2021-06-12,1,5,,"A23250G,C14288T,C170T,C2959T,C987T,G25403T,A22910T,G22859A,T987C,T25403G,A3349G,C9927T,A12948T,T18905C,G22449A,A26332T,C28718T,A28103T,C5948T,C23451A,G25403T,T14288C,C21701T,C27759A,C27839T,C27927T,A11343G,C14288T,G24255A,C4794T,C17362T,C18747T,C20011T,T21848A,A21846C,C5107T,C17577T,G29603T,G5543T,C11595T,C16884T,G25566T,G25695T",hCoV-19/Colombia/BOY-INS-17422132569/2021,EPI_ISL_4197245,GH,B.1.621,5.0,"(Spike R346K,Spike D614G,NSP12 P323L,Spike E484K,NS3 Q57H,NSP6 Q160R,NSP13 P419S,NSP3 T237A,Spike D950N,N T205I,Spike Y144T,NSP13 P491S,Spike T95I,Spike ins145N,Spike P681H,NS3 V256I,Spike N501Y,NS8 T11K,NS8 S67F,NS8 P38S,NSP3 T720I,NSP4 T492I)"
UPLOAD|hCoV-19/USA/FL-CDC-QDX25952762/2021|EPI_ISL_4373660|2021-06-16,1,4,,"A23250G,C14288T,C170T,C2959T,C987T,G25403T,A22910T,G22859A,T987C,T25403G,A3349G,C9927T,A12948T,T18905C,G22449A,A26332T,C28718T,A28103T,C5948T,C23451A,G25403T,T14288C,C21701T,C27759A,C27839T,C27927T,A11343G,C14288T,G24255A,C4794T,C17362T,C18747T,C20011T,T21848A,A21846C,G25998A,A26001T,G25896T,G20618T,C12216T,G3537A,A12298G,A25998G,T26001A,T8545A,C16165T,G16522C,T25544G",hCoV-19/Colombia/DC-INS-409483/2021,EPI_ISL_4212134,GH,B.1.621,8.0,"(Spike R346K,NSP16 S33I,Spike D614G,NSP12 P323L,Spike E484K,NS3 Q57H,NSP6 Q160R,NSP13 P419S,NSP3 T237A,Spike D950N,N T205I,Spike Y144T,Spike T95I,Spike ins145N,Spike P681H,NS3 V256I,NS3 D222Y,Spike N501Y,NS8 T11K,NS8 S67F,NS8 P38S,NSP3 T720I,NSP4 T492I)"
UPLOAD|hCoV-19/USA/FL-CDC-QDX25952782/2021|EPI_ISL_4371352|2021-06-16,1,9,,"A23250G,C14288T,C170T,C2959T,C987T,G25403T,A22910T,G22859A,T987C,T25403G,A3349G,C9927T,A12948T,T18905C,G22449A,A26332T,C28718T,A28103T,C5948T,C23451A,G25403T,T14288C,C21701T,C27759A,C27839T,C27927T,A11343G,C14288T,G24255A,C4794T,C17362T,C18747T,C20011T,T21848A,C16626A,G28209T,G18282T,A21846C,G7052A,C12425T,T16118A,T24242A,G26229A,G27861A,T8545A,T19460A,T25544G",hCoV-19/Colombia/DC-INS-389464/2021,EPI_ISL_4196885,GH,B.1.621,9.0,"(Spike R346K,NSP14 V125F,Spike D614G,NSP12 P323L,Spike E484K,NS3 Q57H,NSP6 Q160R,NSP13 P419S,NSP3 T237A,Spike D950N,N T205I,Spike Y144T,Spike T95I,Spike ins145N,Spike P681H,NSP13 P172H,NS3 V256I,Spike N501Y,NS8 T11K,NS8 S67F,NS8 P38S,NSP3 T720I,NSP4 T492I)"
UPLOAD|hCoV-19/USA/FL-CDC-QDX26032537/2021|EPI_ISL_4371933|2021-06-17,1,9,,"A23250G,C14288T,C170T,C2959T,C987T,G25403T,A22910T,G22859A,T987C,T25403G,A3349G,C9927T,A12948T,T18905C,G22449A,A26332T,C28718T,A28103T,C5948T,C23451A,G25403T,T14288C,C21701T,C27759A,C27839T,C27927T,A11343G,C14288T,G24255A,C4794T,C17362T,C18747T,C20011T,T21848A,A21846C,G25998A,A26001T,C25548T,T28449A,C18438T,A25998G,T26001A,C7642T,T10358C,A11808G,G18125A,C22167A,T24550C,C29111A",hCoV-19/Colombia/CHO-INS-VG-3265/2021,EPI_ISL_2500963,GH,B.1.621,12.0,"(Spike R346K,Spike D614G,NSP12 P323L,Spike E484K,NS3 Q57H,NSP6 Q160R,NSP13 P419S,NSP3 T237A,Spike D950N,N T205I,NS3 L106F,Spike Y144T,Spike T95I,Spike ins145N,Spike P681H,Spike Y145S,NS3 V256I,NSP1 M85del,Spike N501Y,NSP14 L177F,NS8 T11K,NSP3 Q474R,NSP1 V86del,NS8 S67F,NS8 P38S,NSP3 T720I,NSP4 T492I)"
UPLOAD|hCoV-19/USA/FL-CDC-QDX26117997/2021|EPI_ISL_4372406|2021-06-19,1,5,,"A23250G,C14288T,C170T,C2959T,C987T,G25403T,A22910T,G22859A,T987C,T25403G,A3349G,C9927T,A12948T,T18905C,G22449A,A26332T,C28718T,A28103T,C5948T,C23451A,G25403T,T14288C,C21701T,C27759A,C27839T,C27927T,A11343G,C14288T,G24255A,C4794T,C17362T,C18747T,C20011T,T21848A,A21846C,C5107T,C17577T,A6613G,C9018T,T22236A,G26007T,C20265T,C28488T,T29572C,T5046C,G2514A,C2847A,A18757G,T26007G,G27540T",hCoV-19/USA/CA-CDC-FG-077112/2021,EPI_ISL_3660155,GH,B.1.621.1,10.0,"(Spike R346K,Spike D614G,NSP12 P323L,Spike E484K,NSP3 N1329D,NS3 N257H,NSP6 Q160R,NSP13 P419S,NS3 Q57H,NSP3 T237A,Spike D950N,N T205I,NS3 V259L,NSP4 T189I,NSP13 P491S,Spike Y144T,Spike T95I,Spike ins145N,NSP13 Y253H,Spike P681H,NSP15 S261L,Spike Y145S,NS3 V256I,NSP3 A1892V,Spike N501Y,NS8 T11K,NSP3 P1228S,NS8 S67F,NS8 P38S,NSP3 A1642V,NSP3 T275A,NSP3 T720I,NSP4 T492I)"
UPLOAD|hCoV-19/USA/FL-CDC-QDX26118097/2021|EPI_ISL_4371647|2021-06-21,1,4,,"A23250G,C14288T,C170T,C2959T,C987T,G25403T,A22910T,G22859A,T987C,T25403G,A3349G,C9927T,A12948T,T18905C,G22449A,A26332T,C28718T,A28103T,C5948T,C23451A,G25403T,T14288C,C21701T,C27759A,C27839T,C27927T,A11343G,C14288T,G24255A,C4794T,C17362T,C18747T,C20011T,T21848A,A21846C,G25998A,A26001T,C25548T,T28449A,C14411T,C28342T,G3180T,C17783T,C17847T,G21113T,A25998G,T26001A,A8667G,G8833A,A21860T,A28173T",hCoV-19/Aruba/AW-RIVM-38105/2021,EPI_ISL_2476283,GH,B.1.621,6.0,"(Spike R346K,Spike D614G,NSP12 P323L,Spike E484K,NSP6 Q160R,NSP13 P419S,NS3 Q57H,NSP3 T237A,Spike D950N,N T205I,N P80S,NSP12 S364F,NS3 L106F,Spike Y144T,Spike T95I,Spike ins145N,Spike P681H,Spike Y145S,NS3 V256I,Spike N501Y,NSP13 L581F,NS8 T11K,NSP3 Q180H,NS8 S67F,NS8 P38S,NSP3 T720I,NSP4 T492I)"
UPLOAD|hCoV-19/USA/FL-CDC-QDX26177945/2021|EPI_ISL_4371603|2021-06-23,1,0,,"A23250G,C14288T,C170T,C2959T,C987T,G25403T,A22910T,G22859A,T987C,T25403G,A3349G,C9927T,A12948T,T18905C,G22449A,A26332T,C28718T,A28103T,C5948T,C23451A,G25403T,T14288C,C21701T,C27759A,C27839T,C27927T,A11343G,C14288T,G24255A,C4794T,C17362T,C18747T,C20011T,T21848A,A21846C,G25998A,A26001T,C25548T,T28449A,C14411T,C28342T,G3180T,C17783T,C17847T,G21113T,A25998G,T26001A,T4939G,C5155T,C27371A",hCoV-19/Aruba/AW-RIVM-38105/2021,EPI_ISL_2476283,GH,B.1.621,5.0,"(Spike R346K,Spike D614G,NSP12 P323L,Spike E484K,NSP6 Q160R,NSP13 P419S,NS3 Q57H,NSP3 T237A,Spike D950N,N T205I,N P80S,NSP12 S364F,NS3 L106F,Spike Y144T,Spike T95I,Spike ins145N,Spike P681H,Spike Y145S,NS3 V256I,Spike N501Y,NSP13 L581F,NS8 T11K,NSP3 Q180H,NS8 S67F,NS8 P38S,NSP3 T720I,NSP4 T492I)"
UPLOAD|hCoV-19/USA/FL-CDC-QDX26257786/2021|EPI_ISL_4372928|2021-06-24,2,3,Multiple parsimony-optimal placements found. Placement done without high confidence.,"A23250G,C14288T,C170T,C2959T,C987T,G25403T,A22910T,G22859A,T987C,T25403G,A3349G,C9927T,A12948T,T18905C,G22449A,A26332T,C28718T,A28103T,C5948T,C23451A,G25403T,T14288C,C21701T,C27759A,C27839T,C27927T,A11343G,C14288T,G24255A,C4794T,C17362T,C18747T,C20011T,T21848A,A21846C,C7747T,A22993G,G25896T",hCoV-19/USA/AR-CDC-4106635-001/2021,EPI_ISL_2179088,GH,B.1.621,6.0,"(Spike R346K,Spike D614G,NSP12 P323L,Spike E484K,NS3 Q57H,NSP6 Q160R,NSP13 P419S,NSP3 T237A,Spike D950N,N T205I,Spike Y144T,Spike T95I,Spike ins145N,Spike P681H,Spike Y145S,Spike N501Y,NS8 T11K,NS8 S67F,NS8 P38S,N E367Q,NSP3 T720I,NSP4 T492I)"
UPLOAD|hCoV-19/USA/FL-CDC-QDX26257801/2021|EPI_ISL_4372082|2021-06-24,1,3,,"A23250G,C14288T,C170T,C2959T,C987T,G25403T,A22910T,G22859A,T987C,T25403G,A3349G,C9927T,A12948T,T18905C,G22449A,A26332T,C28718T,A28103T,C5948T,C23451A,G25403T,T14288C,C21701T,C27759A,C27839T,C27927T,A11343G,C14288T,G24255A,C4794T,C17362T,C18747T,C20011T,T21848A,A21846C,C5107T,C17577T,G29603T,C1401T,C1555T,C27521T",hCoV-19/Colombia/BOY-INS-17422132569/2021,EPI_ISL_4197245,GH,B.1.621,3.0,"(Spike R346K,Spike D614G,NSP12 P323L,Spike E484K,NS3 Q57H,NSP6 Q160R,NSP13 P419S,NSP3 T237A,Spike D950N,N T205I,Spike Y144T,NSP13 P491S,Spike T95I,Spike ins145N,Spike P681H,NS3 V256I,Spike N501Y,NS8 T11K,NS8 S67F,NS8 P38S,NSP3 T720I,NSP4 T492I)"
UPLOAD|hCoV-19/USA/FL-CDC-QDX26257804/2021|EPI_ISL_4371297|2021-06-24,1,0,,"A23250G,C14288T,C170T,C2959T,C987T,G25403T,A22910T,G22859A,T987C,T25403G,A3349G,C9927T,A12948T,T18905C,G22449A,A26332T,C28718T,A28103T,C5948T,C23451A,G25403T,T14288C,C21701T,C27759A,C27839T,C27927T,A11343G,C14288T,G24255A,C4794T,C17362T,C18747T,C20011T,T21848A,C16626A,G28209T,G18282T,A21846C,G1613T,T4600C,G22660T",hCoV-19/France/OCC-NI-2107292017/2021,EPI_ISL_3838194,GH,B.1.621,2.0,"(NSP2 A294S,Spike R346K,NSP14 V125F,Spike D614G,NSP12 P323L,Spike E484K,Spike K417N,NSP6 Q160R,NSP13 P419S,NS3 Q57H,NSP3 T237A,N T205I,Spike Y144T,Spike T95I,Spike ins145N,Spike P681H,NSP13 P172H,Spike Y145S,Spike N501Y,NS8 T11K,NSP2 S543F,NS8 P38S,NSP3 T720I,NSP4 T492I)"
UPLOAD|hCoV-19/USA/FL-CDC-QDX26257809/2021|EPI_ISL_4372482|2021-06-24,1,6,,"A23250G,C14288T,C170T,C2959T,C987T,G25403T,A22910T,G22859A,T987C,T25403G,A3349G,C9927T,A12948T,T18905C,G22449A,A26332T,C28718T,A28103T,C5948T,C23451A,G25403T,T14288C,C21701T,C27759A,C27839T,C27927T,A11343G,C14288T,G24255A,C4794T,C17362T,C18747T,C20011T,T21848A,A21846C,G25998A,A26001T,A14880G,G16893T,C25292G,A25998G,T26001A,C5981T,C6221T,C24229T,C27342T",hCoV-19/Colombia/DC-INS-1911803/2021,EPI_ISL_4212169,GH,B.1.621,7.0,"(Spike R346K,Spike D614G,NSP12 P323L,Spike E484K,NSP13 E261D,NS3 Q57H,NSP6 Q160R,NSP13 P419S,NSP3 T237A,Spike D950N,N T205I,Spike Y144T,NSP12 Y521C,Spike T95I,Spike ins145N,Spike P681H,NS3 V256I,Spike N501Y,NS8 T11K,NS8 S67F,NS8 P38S,Spike T572I,NSP3 T720I,NS3 I20M,NSP4 T492I)"
UPLOAD|hCoV-19/USA/FL-CDC-QDX26257811/2021|EPI_ISL_4373837|2021-06-24,1,7,,"A23250G,C14288T,C170T,C2959T,C987T,G25403T,A22910T,G22859A,T987C,T25403G,A3349G,C9927T,A12948T,T18905C,G22449A,A26332T,C28718T,A28103T,C5948T,C23451A,G25403T,T14288C,C21701T,C27759A,C27839T,C27927T,A11343G,C14288T,G24255A,C4794T,C17362T,C18747T,C20011T,T21848A,A21846C,G25998A,A26001T,A14880G,G16893T,C25292G,A25998G,T26001A,T2484A,T2485A,A2486C,C3185T,A4417G,C12364T,C29510T",hCoV-19/Colombia/DC-INS-1911803/2021,EPI_ISL_4212169,GH,B.1.621,10.0,"(Spike R346K,Spike D614G,NSP12 P323L,Spike E484K,NSP13 E261D,NS3 Q57H,NSP6 Q160R,NSP13 P419S,NSP3 T237A,Spike D950N,N T205I,Spike Y144T,NSP12 Y521C,Spike T95I,Spike ins145N,Spike P681H,NS3 V256I,Spike N501Y,NS8 T11K,NS8 S67F,NS8 P38S,Spike T572I,NSP3 T720I,NS3 I20M,NSP4 T492I)"
UPLOAD|hCoV-19/USA/FL-CDC-QDX26258005/2021|EPI_ISL_4371445|2021-06-23,1,5,,"A23250G,C14288T,C170T,C2959T,C987T,G25403T,A22910T,G22859A,T987C,T25403G,A3349G,C9927T,A12948T,T18905C,G22449A,A26332T,C28718T,A28103T,C5948T,C23451A,G25403T,T14288C,C21701T,C27759A,C27839T,C27927T,A11343G,C14288T,G24255A,C4794T,C17362T,C18747T,C20011T,T21848A,C16626A,G28209T,G18282T,A21846C,A5740G,T18020C,G19879A,C28141A,C28912T",hCoV-19/Colombia/DC-INS-389464/2021,EPI_ISL_4196885,GH,B.1.621,5.0,"(Spike R346K,NSP14 V125F,Spike D614G,NSP12 P323L,Spike E484K,NS3 Q57H,NSP6 Q160R,NSP13 P419S,NSP3 T237A,Spike D950N,N T205I,Spike Y144T,Spike T95I,Spike ins145N,Spike P681H,NSP13 P172H,NS3 V256I,Spike N501Y,NS8 T11K,NS8 S67F,NS8 P38S,NSP3 T720I,NSP4 T492I)"
UPLOAD|hCoV-19/USA/FL-CDC-QDX26380553/2021|EPI_ISL_4371631|2021-06-28,1,8,,"A23250G,C14288T,C170T,C2959T,C987T,G25403T,A22910T,G22859A,T987C,T25403G,A3349G,C9927T,A12948T,T18905C,G22449A,A26332T,C28718T,A28103T,C5948T,C23451A,G25403T,T14288C,C21701T,C27759A,C27839T,C27927T,A11343G,C14288T,G24255A,C4794T,C17362T,C18747T,C20011T,T21848A,A21846C,G25998A,A26001T,G4319A,G15205T,A25998G,T26001A,C11092T,A18260G,C18798T,C25568T,G27254A,T29129C,G29299T,C29328T",hCoV-19/Mexico/TAM-INMEGEN-22-22/2021,EPI_ISL_3827104,GH,B.1.621,12.0,"(Spike R346K,Spike D614G,NSP12 P323L,Spike E484K,NS3 Q57H,NSP6 Q160R,NSP13 P419S,NSP3 T237A,Spike D950N,N T205I,NSP3 A562T,Spike Y144T,Spike T95I,Spike ins145N,Spike P681H,Spike Y145S,NS3 V256I,NSP12 M629I,Spike N501Y,NS8 T11K,NS8 S67F,NS8 P38S,NSP3 T720I,NSP4 T492I)"
UPLOAD|hCoV-19/USA/FL-CDC-QDX26380765/2021|EPI_ISL_4372212|2021-06-29,1,2,,"A23250G,C14288T,C170T,C2959T,C987T,G25403T,A22910T,G22859A,T987C,T25403G,A3349G,C9927T,A12948T,T18905C,G22449A,A26332T,C28718T,A28103T,C5948T,C23451A,G25403T,T14288C,C21701T,C27759A,C27839T,C27927T,A11343G,C14288T,G24255A,C4794T,C17362T,C18747T,C20011T,T21848A,A21846C,G25998A,A26001T,A17485G,A20482G,T2773C,A25998G,T26001A",hCoV-19/USA/FL-CDC-ASC210268967/2021,EPI_ISL_3857187,GH,B.1.621,3.0,"(Spike R346K,Spike D614G,NSP12 P323L,NSP15 K334E,Spike E484K,NS3 Q57H,NSP6 Q160R,NSP13 P419S,NSP3 T237A,Spike D950N,N T205I,Spike Y144T,Spike T95I,Spike ins145N,Spike P681H,Spike Y145S,NS3 V256I,Spike N501Y,NS8 T11K,NSP13 K460R,NS8 S67F,NS8 P38S,NSP3 T720I,NSP4 T492I)"
UPLOAD|hCoV-19/USA/FL-CDC-QDX26408994/2021|EPI_ISL_4371412|2021-06-29,1,5,,"A23250G,C14288T,C170T,C2959T,C987T,G25403T,A22910T,G22859A,T987C,T25403G,A3349G,C9927T,A12948T,T18905C,G22449A,A26332T,C28718T,A28103T,C5948T,C23451A,G25403T,T14288C,C21701T,C27759A,C27839T,C27927T,A11343G,C14288T,G24255A,C4794T,C17362T,C18747T,C20011T,T21848A,A21846C,G25998A,A26001T,C25548T,T28449A,C14411T,C28342T,G3180T,C17783T,C17847T,G21113T,A25998G,T26001A,T4939G,C5155T,C27371A",hCoV-19/Aruba/AW-RIVM-38105/2021,EPI_ISL_2476283,GH,B.1.621,5.0,"(Spike R346K,Spike D614G,NSP12 P323L,Spike E484K,NSP6 Q160R,NSP13 P419S,NS3 Q57H,NSP3 T237A,Spike D950N,N T205I,N P80S,NSP12 S364F,NS3 L106F,Spike Y144T,Spike T95I,Spike ins145N,Spike P681H,Spike Y145S,NS3 V256I,Spike N501Y,NSP13 L581F,NS8 T11K,NSP3 Q180H,NS8 S67F,NS8 P38S,NSP3 T720I,NSP4 T492I)"
UPLOAD|hCoV-19/USA/FL-CDC-QDX26532088/2021|EPI_ISL_4373639|2021-07-05,1,3,,"A23250G,C14288T,C170T,C2959T,C987T,G25403T,A22910T,G22859A,T987C,T25403G,A3349G,C9927T,A12948T,T18905C,G22449A,A26332T,C28718T,A28103T,C5948T,C23451A,G25403T,T14288C,C21701T,C27759A,C27839T,C27927T,A11343G,C14288T,G24255A,C4794T,C17362T,C18747T,C20011T,T21848A,A21846C,G25998A,A26001T,G11227T,A21486C,G22056T,C20870T,A25998G,T26001A",hCoV-19/USA/FL-CDC-ASC210249148/2021,EPI_ISL_3851605,GH,B.1.621,3.0,"(Spike R346K,N T366del,Spike D614G,NSP12 P323L,Spike E484K,NSP6 Q160R,NSP13 P419S,NS3 Q57H,NSP3 T237A,Spike D950N,N T205I,NSP1 H83del,Spike R214L,Spike Y144T,N E367del,Spike T95I,Spike ins145N,Spike P681H,Spike Y145S,NS3 V256I,NSP1 V84del,NSP1 M85del,Spike N501Y,NS8 T11K,Spike Q23H,NSP1 V86del,NSP1 G82del,NS8 S67F,NS8 P38S,NSP3 T720I,NSP4 T492I,N P365del)"
UPLOAD|hCoV-19/USA/FL-CDC-QDX26532234/2021|EPI_ISL_4371898|2021-07-05,1,2,,"A23250G,C14288T,C170T,C2959T,C987T,G25403T,A22910T,G22859A,T987C,T25403G,A3349G,C9927T,A12948T,T18905C,G22449A,A26332T,C28718T,A28103T,C5948T,C23451A,G25403T,T14288C,C21701T,C27759A,C27839T,C27927T,A11343G,C14288T,G24255A,C4794T,C17362T,C18747T,C20011T,T21848A,A21846C,C5107T,C17577T,G29603T,C1789A,C5542T",hCoV-19/Colombia/BOY-INS-17422132569/2021,EPI_ISL_4197245,GH,B.1.621,2.0,"(Spike R346K,Spike D614G,NSP12 P323L,Spike E484K,NS3 Q57H,NSP6 Q160R,NSP13 P419S,NSP3 T237A,Spike D950N,N T205I,Spike Y144T,NSP13 P491S,Spike T95I,Spike ins145N,Spike P681H,NS3 V256I,Spike N501Y,NS8 T11K,NS8 S67F,NS8 P38S,NSP3 T720I,NSP4 T492I)"
UPLOAD|hCoV-19/USA/FL-CDC-QDX26574504/2021|EPI_ISL_4371482|2021-07-05,1,4,,"A23250G,C14288T,C170T,C2959T,C987T,G25403T,A22910T,G22859A,T987C,T25403G,A3349G,C9927T,A12948T,T18905C,G22449A,A26332T,C28718T,A28103T,C5948T,C23451A,G25403T,T14288C,C21701T,C27759A,C27839T,C27927T,A11343G,C14288T,G24255A,C4794T,C17362T,C18747T,C20011T,T21848A,A21846C,G25998A,A26001T,G4319A,G15205T,A25998G,T26001A,C1004T,C3290T,C4456T,A17972G",hCoV-19/Mexico/TAM-INMEGEN-22-22/2021,EPI_ISL_3827104,GH,B.1.621,8.0,"(Spike R346K,Spike D614G,NSP12 P323L,Spike E484K,NS3 Q57H,NSP6 Q160R,NSP13 P419S,NSP3 T237A,Spike D950N,N T205I,NSP3 A562T,Spike Y144T,Spike T95I,Spike ins145N,Spike P681H,Spike Y145S,NS3 V256I,NSP12 M629I,Spike N501Y,NS8 T11K,NS8 S67F,NS8 P38S,NSP3 T720I,NSP4 T492I)"
UPLOAD|hCoV-19/USA/FL-CDC-QDX26598577/2021|EPI_ISL_4372179|2021-07-07,1,3,,"A23250G,C14288T,C170T,C2959T,C987T,G25403T,A22910T,G22859A,T987C,T25403G,A3349G,C9927T,A12948T,T18905C,G22449A,A26332T,C28718T,A28103T,C5948T,C23451A,G25403T,T14288C,C21701T,C27759A,C27839T,C27927T,A11343G,C14288T,G24255A,C4794T,C17362T,C18747T,C20011T,T21848A,A21846C,G25998A,A26001T,C24939T,T25506C,G27911T,C28351A,C522T,G1527T,C1752A,T3823G,G5864T,C11044T,C18045T,T22732A,A25998G,T26001A",hCoV-19/USA/FL-CDC-ASC210277621/2021,EPI_ISL_4056997,GH,B.1.621,4.0,"(Spike R346K,NSP2 G265V,Spike D614G,NSP12 P323L,Spike E484K,NSP3 L1078F,NSP6 Q160R,NSP13 P419S,NS3 Q57H,NSP3 T237A,Spike D950N,N T205I,NSP1 H83del,N Q83K,Spike Y144T,Spike T95I,Spike ins145N,Spike P681H,Spike Y145S,NS3 V256I,NSP1 V84del,NSP14 P46S,NS8 V62L,NSP1 M85del,NSP1 H110Y,Spike N501Y,NS8 T11K,NSP3 F396V,NSP1 V86del,NSP1 G82del,NS8 S67F,NS8 P38S,NSP3 T720I,NSP4 T492I,NS3 S92P)"
UPLOAD|hCoV-19/USA/FL-CDC-QDX26598582/2021|EPI_ISL_4373579|2021-07-07,1,3,,"A23250G,C14288T,C170T,C2959T,C987T,G25403T,A22910T,G22859A,T987C,T25403G,A3349G,C9927T,A12948T,T18905C,G22449A,A26332T,C28718T,A28103T,C5948T,C23451A,G25403T,T14288C,C21701T,C27759A,C27839T,C27927T,A11343G,C14288T,G24255A,C4794T,C17362T,C18747T,C20011T,T21848A,A21846C,G25998A,A26001T,C25548T,T28449A,G2867A,C7671T,T10549C,C18199T,C18476T,G19348T,C20436T,A25936G,C3094A,T18476C,T28213C,A25998G,T26001A,G12355A",hCoV-19/USA/FL-CDC-ASC210248720/2021,EPI_ISL_3852100,GH,B.1.621,4.0,"(Spike R346K,NS3 K235R,NSP3 Q152K,Spike D614G,NS8 Q18stop,NSP12 P323L,NSP14 T97I,Spike E484K,NSP6 Q160R,NSP13 P419S,NS3 Q57H,NSP3 T237A,Spike D950N,N T205I,NSP3 G76S,NS3 L106F,NSP3 S1682F,Spike Y144T,Spike T95I,Spike ins145N,Spike P681H,Spike Y145S,NS3 V256I,Spike N501Y,NS8 T11K,NSP14 G481V,NS8 S67F,NS8 P38S,NSP3 T720I,NSP4 T492I,N S37P)"
