uploaded,placements,parsimony,message,mutation_path,neighbour,neighbour_id,neighbour_clade,neighbour_lineage,neighbour_distance,neighbour_prot_mutations
UPLOAD|hCoV-19/USA/FL-CDC-ASC210078017/2021|EPI_ISL_4398507|2021-08-06,1,3,,"A23250G,C14288T,C170T,C2959T,C987T,G25403T,A22910T,G22859A,T987C,T25403G,A3349G,C9927T,A12948T,T18905C,G22449A,A26332T,C28718T,A28103T,C5948T,C23451A,G25403T,T14288C,C21701T,C27759A,C27839T,C27927T,A11343G,C14288T,G24255A,C4794T,C17362T,C18747T,C20011T,T21848A,A21846C,G25998A,A26001T,C25548T,T28449A,G2867A,C7671T,T10549C,C18199T,C18476T,G19348T,C20436T,A25936G,C3094A,A25998G,T26001A,C6690T,C21846A,A21848T",hCoV-19/USA/FL-CDC-LC0099060/2021,EPI_ISL_3430997,GH,B.1.621,5.0,"(Spike R346K,NS3 K235R,NSP3 Q152K,Spike D614G,NSP12 P323L,NSP14 T97I,Spike E484K,NSP6 Q160R,NSP13 P419S,NS3 Q57H,NSP3 T237A,Spike D950N,N T205I,NSP3 G76S,NS3 L106F,NSP3 S1682F,Spike Y144T,Spike T95I,Spike ins145N,Spike P681H,Spike Y145S,NS3 V256I,Spike N501Y,NS8 T11K,NSP14 G481V,NS8 S67F,NS8 P38S,NSP3 T720I,NSP4 T492I)"
UPLOAD|hCoV-19/USA/FL-CDC-IBX052558683559/2021|EPI_ISL_4382777|2021-06-02,2,3,Multiple parsimony-optimal placements found. Placement done without high confidence.,"A23250G,C14288T,C170T,C2959T,C987T,G25403T,A22910T,G22859A,T987C,T25403G,A3349G,C9927T,A12948T,T18905C,G22449A,A26332T,C28718T,A28103T,C5948T,C23451A,G25403T,T14288C,C21701T,C27759A,C27839T,C27927T,A11343G,C14288T,G24255A,C4794T,C17362T,C18747T,C20011T,T21848A,A21846C,G25998A,A26001T,C25548T,T28449A,G2867A,C7671T,T10549C,C18199T,C18476T,G19348T,C20436T,A25936G,C3094A,A25998G,T26001A,T18476C,T18199C,T27340C",hCoV-19/USA/FL-CDC-LC0099060/2021,EPI_ISL_3430997,GH,B.1.621,5.0,"(Spike R346K,NS3 K235R,NSP3 Q152K,Spike D614G,NSP12 P323L,NSP14 T97I,Spike E484K,NSP6 Q160R,NSP13 P419S,NS3 Q57H,NSP3 T237A,Spike D950N,N T205I,NSP3 G76S,NS3 L106F,NSP3 S1682F,Spike Y144T,Spike T95I,Spike ins145N,Spike P681H,Spike Y145S,NS3 V256I,Spike N501Y,NS8 T11K,NSP14 G481V,NS8 S67F,NS8 P38S,NSP3 T720I,NSP4 T492I)"
UPLOAD|hCoV-19/USA/FL-CDC-IBX358035084096/2021|EPI_ISL_4383106|2021-05-25,1,0,,"A23250G,C14288T,C170T,C2959T,C987T,G25403T,A22910T,G22859A,T987C,T25403G,A3349G,C9927T,A12948T,T18905C,G22449A,A26332T,C28718T,A28103T,C5948T,C23451A,G25403T,T14288C,C21701T,C27759A,C27839T,C27927T,A11343G,C14288T,G24255A,C4794T,C17362T,C18747T,C20011T,T21848A,A21846C,G25998A,A26001T,C25548T,T28449A,G2867A,C7671T,T10549C,C18199T,C18476T,G19348T,C20436T,A25936G,C3094A,A25998G,T26001A,T18476C",hCoV-19/USA/FL-CDC-LC0099060/2021,EPI_ISL_3430997,GH,B.1.621,3.0,"(Spike R346K,NS3 K235R,NSP3 Q152K,Spike D614G,NSP12 P323L,NSP14 T97I,Spike E484K,NSP6 Q160R,NSP13 P419S,NS3 Q57H,NSP3 T237A,Spike D950N,N T205I,NSP3 G76S,NS3 L106F,NSP3 S1682F,Spike Y144T,Spike T95I,Spike ins145N,Spike P681H,Spike Y145S,NS3 V256I,Spike N501Y,NS8 T11K,NSP14 G481V,NS8 S67F,NS8 P38S,NSP3 T720I,NSP4 T492I)"
UPLOAD|hCoV-19/USA/FL-CDC-LC0041325/2021|EPI_ISL_4379164|2021-04-13,2,5,Multiple parsimony-optimal placements found. Placement done without high confidence.,"A23250G,C14288T,C170T,C2959T,C987T,G25403T,A22910T,G22859A,T987C,T25403G,A3349G,C9927T,A12948T,T18905C,G22449A,A26332T,C28718T,A28103T,C5948T,C23451A,G25403T,T14288C,C21701T,C27759A,C27839T,C27927T,A11343G,C14288T,G24255A,C4794T,C17362T,C18747T,C20011T,T21848A,A21846C,G25998A,A26001T,C25548T,T28449A,C18438T,C7642T,A25998G,T26001A,A4038G,T26700C",hCoV-19/Colombia/CHO-INS-VG-3265/2021,EPI_ISL_2500963,GH,B.1.621,8.0,"(Spike R346K,Spike D614G,NSP12 P323L,Spike E484K,NS3 Q57H,NSP6 Q160R,NSP13 P419S,NSP3 T237A,Spike D950N,N T205I,NS3 L106F,Spike Y144T,Spike T95I,Spike ins145N,Spike P681H,Spike Y145S,NS3 V256I,NSP1 M85del,Spike N501Y,NSP14 L177F,NS8 T11K,NSP3 Q474R,NSP1 V86del,NS8 S67F,NS8 P38S,NSP3 T720I,NSP4 T492I)"
UPLOAD|hCoV-19/USA/FL-CDC-LC0047242/2021|EPI_ISL_4379294|2021-04-14,2,10,Multiple parsimony-optimal placements found. Placement done without high confidence.,"A23250G,C14288T,C170T,C2959T,C987T,G25403T,A22910T,G22859A,T987C,T25403G,A3349G,C9927T,A12948T,T18905C,G22449A,A26332T,C28718T,A28103T,C5948T,C23451A,G25403T,T14288C,C21701T,C27759A,C27839T,C27927T,A11343G,C14288T,G24255A,C4794T,C17362T,C18747T,C20011T,T21848A,A21846C,G25998A,A26001T,G29229T,G25115T,G27597T,G103T,C10175T,C10925T,G18956T,T22729C,C23063A,A25998G,T26001A,C26439T,G27432T",hCoV-19/Peru/LIM-INS-2687/2021,EPI_ISL_3654106,GH,B.1.621,13.0,"(Spike R346K,Spike Y144S,N D377Y,Spike D614G,NSP12 P323L,Spike E484K,Spike Y145N,NSP6 Q160R,NSP13 P419S,NS3 Q57H,NSP3 T237A,Spike D950N,N T205I,NSP1 H83del,Spike M1237I,NS7b E3stop,Spike T95I,Spike P681H,NS3 V256I,NSP1 V84del,NSP1 M85del,Spike N501Y,NSP4 T96I,NS8 T11K,NSP1 V86del,NSP1 G82del,NS8 S67F,NS8 P38S,NSP3 T720I,NSP4 T492I)"
UPLOAD|hCoV-19/USA/FL-CDC-LC0047859/2021|EPI_ISL_4380321|2021-04-15,1,6,,"A23250G,C14288T,C170T,C2959T,C987T,G25403T,A22910T,G22859A,T987C,T25403G,A3349G,C9927T,A12948T,T18905C,G22449A,A26332T,C28718T,A28103T,C5948T,C23451A,G25403T,T14288C,C21701T,C27759A,C27839T,C27927T,A11343G,C14288T,G24255A,C4794T,C17362T,C18747T,C20011T,T21848A,A21846C,G25998A,A26001T,C25548T,T28449A,C18438T,C7642T,A25998G,T26001A,A4038G,C1315T,A10219G,C18782T,T21701C,C22077T,C25951T",hCoV-19/Colombia/CHO-INS-VG-3265/2021,EPI_ISL_2500963,GH,B.1.621,13.0,"(Spike R346K,Spike D614G,NSP12 P323L,Spike E484K,NS3 Q57H,NSP6 Q160R,NSP13 P419S,NSP3 T237A,Spike D950N,N T205I,NS3 L106F,Spike Y144T,Spike T95I,Spike ins145N,Spike P681H,Spike Y145S,NS3 V256I,NSP1 M85del,Spike N501Y,NSP14 L177F,NS8 T11K,NSP3 Q474R,NSP1 V86del,NS8 S67F,NS8 P38S,NSP3 T720I,NSP4 T492I)"
UPLOAD|hCoV-19/USA/FL-CDC-LC0052032/2021|EPI_ISL_4378181|2021-04-23,1,4,,"A23250G,C14288T,C170T,C2959T,C987T,G25403T,A22910T,G22859A,T987C,T25403G,A3349G,C9927T,A12948T,T18905C,G22449A,A26332T,C28718T,A28103T,C5948T,C23451A,G25403T,T14288C,C21701T,C27759A,C27839T,C27927T,A11343G,C14288T,G24255A,C4794T,C17362T,C18747T,C20011T,T21848A,C16626A,G28209T,C6194T,C9430T,G17298T,C10265T",hCoV-19/Colombia/DC-INS-389464/2021,EPI_ISL_4196885,GH,B.1.621,6.0,"(Spike R346K,NSP14 V125F,Spike D614G,NSP12 P323L,Spike E484K,NS3 Q57H,NSP6 Q160R,NSP13 P419S,NSP3 T237A,Spike D950N,N T205I,Spike Y144T,Spike T95I,Spike ins145N,Spike P681H,NSP13 P172H,NS3 V256I,Spike N501Y,NS8 T11K,NS8 S67F,NS8 P38S,NSP3 T720I,NSP4 T492I)"
UPLOAD|hCoV-19/USA/FL-CDC-LC0052070/2021|EPI_ISL_4381876|2021-04-23,1,0,,"A23250G,C14288T,C170T,C2959T,C987T,G25403T,A22910T,G22859A,T987C,T25403G,A3349G,C9927T,A12948T,T18905C,G22449A,A26332T,C28718T,A28103T,C5948T,C23451A,G25403T,T14288C,C21701T,C27759A,C27839T,C27927T,A11343G,C14288T,G24255A,C4794T,C17362T,C18747T,C20011T,T21848A,C16626A,G28209T,C6194T,C9430T,G17298T,C10265T",hCoV-19/Colombia/DC-INS-389464/2021,EPI_ISL_4196885,GH,B.1.621,6.0,"(Spike R346K,NSP14 V125F,Spike D614G,NSP12 P323L,Spike E484K,NS3 Q57H,NSP6 Q160R,NSP13 P419S,NSP3 T237A,Spike D950N,N T205I,Spike Y144T,Spike T95I,Spike ins145N,Spike P681H,NSP13 P172H,NS3 V256I,Spike N501Y,NS8 T11K,NS8 S67F,NS8 P38S,NSP3 T720I,NSP4 T492I)"
UPLOAD|hCoV-19/USA/FL-CDC-LC0052430/2021|EPI_ISL_4379304|2021-04-26,1,0,,"A23250G,C14288T,C170T,C2959T,C987T,G25403T,A22910T,G22859A,T987C,T25403G,A3349G,C9927T,A12948T,T18905C,G22449A,A26332T,C28718T,A28103T,C5948T,C23451A,G25403T,T14288C,C21701T,C27759A,C27839T,C27927T,A11343G,C14288T,G24255A,C4794T,C17362T,C18747T,C20011T,T21848A,C16626A,G28209T,C6194T,C9430T,G17298T",hCoV-19/Colombia/DC-INS-389464/2021,EPI_ISL_4196885,GH,B.1.621,5.0,"(Spike R346K,NSP14 V125F,Spike D614G,NSP12 P323L,Spike E484K,NS3 Q57H,NSP6 Q160R,NSP13 P419S,NSP3 T237A,Spike D950N,N T205I,Spike Y144T,Spike T95I,Spike ins145N,Spike P681H,NSP13 P172H,NS3 V256I,Spike N501Y,NS8 T11K,NS8 S67F,NS8 P38S,NSP3 T720I,NSP4 T492I)"
UPLOAD|hCoV-19/USA/FL-CDC-LC0055369/2021|EPI_ISL_4382251|2021-05-03,4,5,Multiple parsimony-optimal placements found. Placement done without high confidence.,"A23250G,C14288T,C170T,C2959T,C987T,G25403T,A22910T,G22859A,T987C,T25403G,A3349G,C9927T,A12948T,T18905C,G22449A,A26332T,C28718T,A28103T,C5948T,C23451A,G25403T,T14288C,C21701T,C27759A,C27839T,C27927T,A11343G,C14288T,G24255A,C4794T,C17362T,C18747T,C20011T,T21848A,A21846C,G1527T,C11832T,G24716C,C26017T,C26048T",hCoV-19/USA/AR-CDC-4106635-001/2021,EPI_ISL_2179088,GH,B.1.621,8.0,"(Spike R346K,Spike D614G,NSP12 P323L,Spike E484K,NS3 Q57H,NSP6 Q160R,NSP13 P419S,NSP3 T237A,Spike D950N,N T205I,Spike Y144T,Spike T95I,Spike ins145N,Spike P681H,Spike Y145S,Spike N501Y,NS8 T11K,NS8 S67F,NS8 P38S,N E367Q,NSP3 T720I,NSP4 T492I)"
UPLOAD|hCoV-19/USA/FL-CDC-LC0057158/2021|EPI_ISL_4381546|2021-05-08,1,0,,"A23250G,C14288T,C170T,C2959T,C987T,G25403T,A22910T,G22859A,T987C,T25403G,A3349G,C9927T,A12948T,T18905C,G22449A,A26332T,C28718T,A28103T,C5948T,C23451A,G25403T,T14288C,C21701T,C27759A,C27839T,C27927T,A11343G,C14288T,G24255A,C4794T,C17362T,C18747T,C20011T,T21848A,A21846C,C5107T,C17577T,A6613G,C9018T,T22236A,G26007T,C20265T,C28488T,T29572C,G27920T,T26007G",hCoV-19/USA/FL-CDC-ASC210247163/2021,EPI_ISL_3851709,GH,B.1.621.1,3.0,"(Spike R346K,Spike D614G,NSP12 P323L,NSP3 N1329D,Spike E484K,NS3 N257H,NSP6 Q160R,NSP13 P419S,NS3 Q57H,NSP3 T237A,Spike D950N,N T205I,NS3 V259L,NSP4 T189I,NSP13 P491S,Spike Y144T,Spike T95I,Spike ins145N,Spike P681H,NSP15 S261L,Spike Y145S,NS3 V256I,Spike N501Y,NS8 T11K,NS8 S67F,NS8 P38S,NSP3 T720I,NS8 A65S,NSP4 T492I)"
UPLOAD|hCoV-19/USA/FL-CDC-LC0062204/2021|EPI_ISL_4377748|2021-05-20,1,2,,"A23250G,C14288T,C170T,C2959T,C987T,G25403T,A22910T,G22859A,T987C,T25403G,A3349G,C9927T,A12948T,T18905C,G22449A,A26332T,C28718T,A28103T,C5948T,C23451A,G25403T,T14288C,C21701T,C27759A,C27839T,C27927T,A11343G,C14288T,G24255A,C4794T,C17362T,C18747T,C20011T,T21848A,A21846C,C5107T,C17577T,A6613G,C9018T,T22236A,G26007T,C20265T,C28488T,T29572C,T28084C,A28086C,T21227C,G6613A,T26007G",hCoV-19/Brazil/SP-IB_126879/2021,EPI_ISL_3878175,GH,B.1.621.1,9.0,"(Spike R346K,Spike D614G,NSP12 P323L,NSP3 N1329D,Spike E484K,NSP4 H31Y,NS3 N257H,NSP6 Q160R,NSP13 P419S,NS3 Q57H,NSP3 T237A,N T205I,NS3 V259L,NSP4 T189I,NS7a Q94K,NSP13 P491S,Spike Y144T,Spike T95I,Spike ins145N,Spike P681H,NSP15 S261L,Spike Y145S,NS3 V256I,NSP6 L37F,NSP14 G232R,Spike N501Y,NS8 T11K,N P365S,NS8 P38S,NSP3 T720I,NSP4 T492I,NS3 L86F)"
UPLOAD|hCoV-19/USA/FL-CDC-LC0062355/2021|EPI_ISL_4377461|2021-05-20,1,2,,"A23250G,C14288T,C170T,C2959T,C987T,G25403T,A22910T,G22859A,T987C,T25403G,A3349G,C9927T,A12948T,T18905C,G22449A,A26332T,C28718T,A28103T,C5948T,C23451A,G25403T,T14288C,C21701T,C27759A,C27839T,C27927T,A11343G,C14288T,G24255A,C4794T,C17362T,C18747T,C20011T,T21848A,A21846C,G25998A,A26001T,G4319A,G15205T,A25998G,T26001A,C5107T,G25374A",hCoV-19/Mexico/TAM-INMEGEN-22-22/2021,EPI_ISL_3827104,GH,B.1.621,6.0,"(Spike R346K,Spike D614G,NSP12 P323L,Spike E484K,NS3 Q57H,NSP6 Q160R,NSP13 P419S,NSP3 T237A,Spike D950N,N T205I,NSP3 A562T,Spike Y144T,Spike T95I,Spike ins145N,Spike P681H,Spike Y145S,NS3 V256I,NSP12 M629I,Spike N501Y,NS8 T11K,NS8 S67F,NS8 P38S,NSP3 T720I,NSP4 T492I)"
UPLOAD|hCoV-19/USA/FL-CDC-LC0062485/2021|EPI_ISL_4378166|2021-05-18,1,3,,"A23250G,C14288T,C170T,C2959T,C987T,G25403T,A22910T,G22859A,T987C,T25403G,A3349G,C9927T,A12948T,T18905C,G22449A,A26332T,C28718T,A28103T,C5948T,C23451A,G25403T,T14288C,C21701T,C27759A,C27839T,C27927T,A11343G,C14288T,G24255A,C4794T,C17362T,C18747T,C20011T,T21848A,A21846C,C5107T,C17577T,A6613G,C9018T,T22236A,G26007T,C20265T,C28488T,T29572C,G27920T,T26007G,C2431T,G14464T",hCoV-19/USA/FL-CDC-ASC210247163/2021,EPI_ISL_3851709,GH,B.1.621.1,5.0,"(Spike R346K,Spike D614G,NSP12 P323L,NSP3 N1329D,Spike E484K,NS3 N257H,NSP6 Q160R,NSP13 P419S,NS3 Q57H,NSP3 T237A,Spike D950N,N T205I,NS3 V259L,NSP4 T189I,NSP13 P491S,Spike Y144T,Spike T95I,Spike ins145N,Spike P681H,NSP15 S261L,Spike Y145S,NS3 V256I,Spike N501Y,NS8 T11K,NS8 S67F,NS8 P38S,NSP3 T720I,NS8 A65S,NSP4 T492I)"
UPLOAD|hCoV-19/USA/FL-CDC-LC0062570/2021|EPI_ISL_4381935|2021-05-19,1,0,,"A23250G,C14288T,C170T,C2959T,C987T,G25403T,A22910T,G22859A,T987C,T25403G,A3349G,C9927T,A12948T,T18905C,G22449A,A26332T,C28718T,A28103T,C5948T,C23451A,G25403T,T14288C,C21701T,C27759A,C27839T,C27927T,A11343G,C14288T,G24255A,C4794T,C17362T,C18747T,C20011T,T21848A,A21846C,C5107T,C17577T,A6613G,C9018T,T22236A,G26007T,C20265T,C28488T,T29572C,T26007G",hCoV-19/USA/IA-SHL-1771783/2021,EPI_ISL_3672676,GH,B.1.621.1,1.0,"(Spike R346K,Spike D614G,NSP12 P323L,Spike E484K,NSP3 N1329D,NS3 N257H,NS3 Q57H,NSP6 Q160R,NSP13 P419S,NSP3 T237A,Spike D950N,N T205I,NS3 V259L,NSP4 T189I,NSP13 P491S,Spike Y144T,Spike T95I,Spike ins145N,Spike P681H,NSP15 S261L,NS3 V256I,Spike N501Y,NS8 T11K,NS8 S67F,NS8 P38S,NSP3 T720I,NSP4 T492I)"
UPLOAD|hCoV-19/USA/FL-CDC-LC0068842/2021|EPI_ISL_4382120|2021-06-04,1,4,,"A23250G,C14288T,C170T,C2959T,C987T,G25403T,A22910T,G22859A,T987C,T25403G,A3349G,C9927T,A12948T,T18905C,G22449A,A26332T,C28718T,A28103T,C5948T,C23451A,G25403T,T14288C,C21701T,C27759A,C27839T,C27927T,A11343G,C14288T,G24255A,C4794T,C17362T,C18747T,C20011T,T21848A,A21846C,C5107T,C17577T,A6613G,C9018T,T22236A,G26007T,C20265T,C28488T,T29572C,T26007G,C2408T,T4801C,C9841T,T12948A",hCoV-19/USA/IA-SHL-1771783/2021,EPI_ISL_3672676,GH,B.1.621.1,5.0,"(Spike R346K,Spike D614G,NSP12 P323L,Spike E484K,NSP3 N1329D,NS3 N257H,NS3 Q57H,NSP6 Q160R,NSP13 P419S,NSP3 T237A,Spike D950N,N T205I,NS3 V259L,NSP4 T189I,NSP13 P491S,Spike Y144T,Spike T95I,Spike ins145N,Spike P681H,NSP15 S261L,NS3 V256I,Spike N501Y,NS8 T11K,NS8 S67F,NS8 P38S,NSP3 T720I,NSP4 T492I)"
UPLOAD|hCoV-19/USA/FL-CDC-LC0069859/2021|EPI_ISL_4381797|2021-06-04,2,2,Multiple parsimony-optimal placements found. Placement done without high confidence.,"A23250G,C14288T,C170T,C2959T,C987T,G25403T,A22910T,G22859A,T987C,T25403G,A3349G,C9927T,A12948T,T18905C,G22449A,A26332T,C28718T,A28103T,C5948T,C23451A,G25403T,T14288C,C21701T,C27759A,C27839T,C27927T,A11343G,C14288T,G24255A,C4794T,C17362T,C18747T,C20011T,T21848A,A21846C,G25998A,A26001T,C25548T,T28449A,G2867A,C7671T,T10549C,C18199T,C18476T,G19348T,C20436T,A25936G,C3094A,T18476C,T28213C,A25998G,T26001A",hCoV-19/USA/FL-CDC-ASC210248720/2021,EPI_ISL_3852100,GH,B.1.621,3.0,"(Spike R346K,NS3 K235R,NSP3 Q152K,Spike D614G,NS8 Q18stop,NSP12 P323L,NSP14 T97I,Spike E484K,NSP6 Q160R,NSP13 P419S,NS3 Q57H,NSP3 T237A,Spike D950N,N T205I,NSP3 G76S,NS3 L106F,NSP3 S1682F,Spike Y144T,Spike T95I,Spike ins145N,Spike P681H,Spike Y145S,NS3 V256I,Spike N501Y,NS8 T11K,NSP14 G481V,NS8 S67F,NS8 P38S,NSP3 T720I,NSP4 T492I,N S37P)"
UPLOAD|hCoV-19/USA/FL-CDC-LC0069937/2021|EPI_ISL_4380241|2021-06-02,1,5,,"A23250G,C14288T,C170T,C2959T,C987T,G25403T,A22910T,G22859A,T987C,T25403G,A3349G,C9927T,A12948T,T18905C,G22449A,A26332T,C28718T,A28103T,C5948T,C23451A,G25403T,T14288C,C21701T,C27759A,C27839T,C27927T,A11343G,C14288T,G24255A,C4794T,C17362T,C18747T,C20011T,T21848A,A21846C,G25998A,A26001T,C25548T,T28449A,C18438T,C7642T,A25998G,T26001A,C1141T,C2584T,C6310T,C24486T,G29569T",hCoV-19/Colombia/CHO-INS-VG-3265/2021,EPI_ISL_2500963,GH,B.1.621,11.0,"(Spike R346K,Spike D614G,NSP12 P323L,Spike E484K,NS3 Q57H,NSP6 Q160R,NSP13 P419S,NSP3 T237A,Spike D950N,N T205I,NS3 L106F,Spike Y144T,Spike T95I,Spike ins145N,Spike P681H,Spike Y145S,NS3 V256I,NSP1 M85del,Spike N501Y,NSP14 L177F,NS8 T11K,NSP3 Q474R,NSP1 V86del,NS8 S67F,NS8 P38S,NSP3 T720I,NSP4 T492I)"
UPLOAD|hCoV-19/USA/FL-CDC-LC0072599/2021|EPI_ISL_4377649|2021-06-10,1,5,,"A23250G,C14288T,C170T,C2959T,C987T,G25403T,A22910T,G22859A,T987C,T25403G,A3349G,C9927T,A12948T,T18905C,G22449A,A26332T,C28718T,A28103T,C5948T,C23451A,G25403T,T14288C,C21701T,C27759A,C27839T,C27927T,A11343G,C14288T,G24255A,C4794T,C17362T,C18747T,C20011T,T21848A,A21846C,G25998A,A26001T,G25896T,G20618T,C12216T,A25998G,T26001A,G3537A,A12298G,C28387T",hCoV-19/Colombia/DC-INS-409483/2021,EPI_ISL_4212134,GH,B.1.621,5.0,"(Spike R346K,NSP16 S33I,Spike D614G,NSP12 P323L,Spike E484K,NS3 Q57H,NSP6 Q160R,NSP13 P419S,NSP3 T237A,Spike D950N,N T205I,Spike Y144T,Spike T95I,Spike ins145N,Spike P681H,NS3 V256I,NS3 D222Y,Spike N501Y,NS8 T11K,NS8 S67F,NS8 P38S,NSP3 T720I,NSP4 T492I)"
UPLOAD|hCoV-19/USA/FL-CDC-LC0075017/2021|EPI_ISL_4381065|2021-06-08,1,1,,"A23250G,C14288T,C170T,C2959T,C987T,G25403T,A22910T,G22859A,T987C,T25403G,A3349G,C9927T,A12948T,T18905C,G22449A,A26332T,C28718T,A28103T,C5948T,C23451A,G25403T,T14288C,C21701T,C27759A,C27839T,C27927T,A11343G,C14288T,G24255A,C4794T,C17362T,C18747T,C20011T,T21848A,A21846C,C5107T,C17577T,A6613G,C9018T,T22236A,G26007T,C20265T,C28488T,T29572C,C2065T,G18319T,T26007G",hCoV-19/Spain/CT-HCB-767/2021,EPI_ISL_3908123,GH,B.1.621.1,5.0,"(Spike R346K,NSP2 P446S,Spike D614G,NSP12 P323L,NSP14 S137I,Spike L5F,NSP3 N1329D,Spike E484K,NS3 N257H,NSP6 Q160R,NSP13 P419S,NS3 Q57H,NSP3 T237A,Spike D950N,N T205I,NS3 V259L,NSP4 T189I,NSP13 P491S,Spike Y144T,Spike T95I,Spike ins145N,Spike P681H,NSP15 S261L,Spike Y145S,NS3 V256I,Spike N501Y,NS8 T11K,NSP2 A294T,NS8 S67F,NS8 P38S,NSP3 T720I,NSP4 T492I)"
UPLOAD|hCoV-19/USA/FL-CDC-LC0075060/2021|EPI_ISL_4377861|2021-06-11,3,5,Multiple parsimony-optimal placements found. Placement done without high confidence.,"A23250G,C14288T,C170T,C2959T,C987T,G25403T,A22910T,G22859A,T987C,T25403G,A3349G,C9927T,A12948T,T18905C,G22449A,A26332T,C28718T,A28103T,C5948T,C23451A,G25403T,T14288C,C21701T,C27759A,C27839T,C27927T,A11343G,C14288T,G24255A,C4794T,C17362T,C18747T,C20011T,T21848A,A21846C,G25998A,A26001T,A14880G,G16893T,C25292G,A25998G,T26001A,C13187T,A20499G,C23262T",hCoV-19/Colombia/DC-INS-1911803/2021,EPI_ISL_4212169,GH,B.1.621,6.0,"(Spike R346K,Spike D614G,NSP12 P323L,Spike E484K,NSP13 E261D,NS3 Q57H,NSP6 Q160R,NSP13 P419S,NSP3 T237A,Spike D950N,N T205I,Spike Y144T,NSP12 Y521C,Spike T95I,Spike ins145N,Spike P681H,NS3 V256I,Spike N501Y,NS8 T11K,NS8 S67F,NS8 P38S,Spike T572I,NSP3 T720I,NS3 I20M,NSP4 T492I)"
UPLOAD|hCoV-19/USA/FL-CDC-LC0075170/2021|EPI_ISL_4381091|2021-06-10,2,6,Multiple parsimony-optimal placements found. Placement done without high confidence.,"A23250G,C14288T,C170T,C2959T,C987T,G25403T,A22910T,G22859A,T987C,T25403G,A3349G,C9927T,A12948T,T18905C,G22449A,A26332T,C28718T,A28103T,C5948T,C23451A,G25403T,T14288C,C21701T,C27759A,C27839T,C27927T,A11343G,C14288T,G24255A,C4794T,C17362T,C18747T,C20011T,T21848A,A21846C,C5107T,C17577T,A6613G,C9018T,T22236A,G26007T,C20265T,C28488T,T29572C,T5046C,C151T,C12929T,C23269T,T26007G,G28830T,A29269G",hCoV-19/USA/CA-CDC-FG-077112/2021,EPI_ISL_3660155,GH,B.1.621.1,11.0,"(Spike R346K,Spike D614G,NSP12 P323L,Spike E484K,NSP3 N1329D,NS3 N257H,NSP6 Q160R,NSP13 P419S,NS3 Q57H,NSP3 T237A,Spike D950N,N T205I,NS3 V259L,NSP4 T189I,NSP13 P491S,Spike Y144T,Spike T95I,Spike ins145N,NSP13 Y253H,Spike P681H,NSP15 S261L,Spike Y145S,NS3 V256I,NSP3 A1892V,Spike N501Y,NS8 T11K,NSP3 P1228S,NS8 S67F,NS8 P38S,NSP3 A1642V,NSP3 T275A,NSP3 T720I,NSP4 T492I)"
UPLOAD|hCoV-19/USA/FL-CDC-LC0075200/2021|EPI_ISL_4381888|2021-06-09,1,2,,"A23250G,C14288T,C170T,C2959T,C987T,G25403T,A22910T,G22859A,T987C,T25403G,A3349G,C9927T,A12948T,T18905C,G22449A,A26332T,C28718T,A28103T,C5948T,C23451A,G25403T,T14288C,C21701T,C27759A,C27839T,C27927T,A11343G,C14288T,G24255A,C4794T,C17362T,C18747T,C20011T,T21848A,A21846C,C5107T,C17577T,A6613G,C9018T,T22236A,G26007T,C20265T,C28488T,T29572C,T26007G,C2902T,G16888T",hCoV-19/USA/IA-SHL-1771783/2021,EPI_ISL_3672676,GH,B.1.621.1,3.0,"(Spike R346K,Spike D614G,NSP12 P323L,Spike E484K,NSP3 N1329D,NS3 N257H,NS3 Q57H,NSP6 Q160R,NSP13 P419S,NSP3 T237A,Spike D950N,N T205I,NS3 V259L,NSP4 T189I,NSP13 P491S,Spike Y144T,Spike T95I,Spike ins145N,Spike P681H,NSP15 S261L,NS3 V256I,Spike N501Y,NS8 T11K,NS8 S67F,NS8 P38S,NSP3 T720I,NSP4 T492I)"
UPLOAD|hCoV-19/USA/FL-CDC-LC0078942/2021|EPI_ISL_4381970|2021-06-15,1,2,,"A23250G,C14288T,C170T,C2959T,C987T,G25403T,A22910T,G22859A,T987C,T25403G,A3349G,C9927T,A12948T,T18905C,G22449A,A26332T,C28718T,A28103T,C5948T,C23451A,G25403T,T14288C,C21701T,C27759A,C27839T,C27927T,A11343G,C14288T,G24255A,C4794T,C17362T,C18747T,C20011T,T21848A,A21846C,G25998A,A26001T,C519T,T1647A,A9635G,C11858T,C17819T,A25998G,T26001A",hCoV-19/USA/FL-CDC-QDX26343881/2021,EPI_ISL_3305035,GH,B.1.621,3.0,"(Spike R346K,Spike D614G,NSP12 P323L,Spike E484K,NSP6 Q160R,NSP13 P419S,NS3 Q57H,NSP3 T237A,Spike D950N,N T205I,NSP2 S305R,NSP1 P109S,Spike Y144T,Spike T95I,Spike ins145N,Spike P681H,Spike Y145S,NS3 V256I,NSP4 S395G,NSP1 V84del,NSP1 M85del,Spike N501Y,NSP7 A42V,NS8 T11K,NSP1 V86del,NS8 S67F,NS8 P38S,NSP3 T720I,NSP4 T492I)"
UPLOAD|hCoV-19/USA/FL-CDC-LC0078976/2021|EPI_ISL_4379248|2021-06-16,1,2,,"A23250G,C14288T,C170T,C2959T,C987T,G25403T,A22910T,G22859A,T987C,T25403G,A3349G,C9927T,A12948T,T18905C,G22449A,A26332T,C28718T,A28103T,C5948T,C23451A,G25403T,T14288C,C21701T,C27759A,C27839T,C27927T,A11343G,C14288T,G24255A,C4794T,C17362T,C18747T,C20011T,T21848A,A21846C,G15121T,G25115T,C4030T,C29248A",hCoV-19/USA/AR-CDC-4106635-001/2021,EPI_ISL_2179088,GH,B.1.621,7.0,"(Spike R346K,Spike D614G,NSP12 P323L,Spike E484K,NS3 Q57H,NSP6 Q160R,NSP13 P419S,NSP3 T237A,Spike D950N,N T205I,Spike Y144T,Spike T95I,Spike ins145N,Spike P681H,Spike Y145S,Spike N501Y,NS8 T11K,NS8 S67F,NS8 P38S,N E367Q,NSP3 T720I,NSP4 T492I)"
UPLOAD|hCoV-19/USA/FL-CDC-LC0078983/2021|EPI_ISL_4378358|2021-06-15,1,4,,"A23250G,C14288T,C170T,C2959T,C987T,G25403T,A22910T,G22859A,T987C,T25403G,A3349G,C9927T,A12948T,T18905C,G22449A,A26332T,C28718T,A28103T,C5948T,C23451A,G25403T,T14288C,C21701T,C27759A,C27839T,C27927T,A11343G,C14288T,G24255A,C4794T,C17362T,C18747T,C20011T,T21848A,A21846C,G25998A,A26001T,A14880G,G16893T,C25292G,A25998G,T26001A,C6491T,G19322T,T22586C,G22649T",hCoV-19/Colombia/DC-INS-1911803/2021,EPI_ISL_4212169,GH,B.1.621,7.0,"(Spike R346K,Spike D614G,NSP12 P323L,Spike E484K,NSP13 E261D,NS3 Q57H,NSP6 Q160R,NSP13 P419S,NSP3 T237A,Spike D950N,N T205I,Spike Y144T,NSP12 Y521C,Spike T95I,Spike ins145N,Spike P681H,NS3 V256I,Spike N501Y,NS8 T11K,NS8 S67F,NS8 P38S,Spike T572I,NSP3 T720I,NS3 I20M,NSP4 T492I)"
UPLOAD|hCoV-19/USA/FL-CDC-LC0078988/2021|EPI_ISL_4377814|2021-06-15,1,4,,"A23250G,C14288T,C170T,C2959T,C987T,G25403T,A22910T,G22859A,T987C,T25403G,A3349G,C9927T,A12948T,T18905C,G22449A,A26332T,C28718T,A28103T,C5948T,C23451A,G25403T,T14288C,C21701T,C27759A,C27839T,C27927T,A11343G,C14288T,G24255A,C4794T,C17362T,C18747T,C20011T,T21848A,A21846C,G15121T,G25115T,C9841T,C26931A",hCoV-19/USA/AR-CDC-4106635-001/2021,EPI_ISL_2179088,GH,B.1.621,7.0,"(Spike R346K,Spike D614G,NSP12 P323L,Spike E484K,NS3 Q57H,NSP6 Q160R,NSP13 P419S,NSP3 T237A,Spike D950N,N T205I,Spike Y144T,Spike T95I,Spike ins145N,Spike P681H,Spike Y145S,Spike N501Y,NS8 T11K,NS8 S67F,NS8 P38S,N E367Q,NSP3 T720I,NSP4 T492I)"
UPLOAD|hCoV-19/USA/FL-CDC-LC0079044/2021|EPI_ISL_4380987|2021-06-17,1,0,,"A23250G,C14288T,C170T,C2959T,C987T,G25403T,A22910T,G22859A,T987C,T25403G,A3349G,C9927T,A12948T,T18905C,G22449A,A26332T,C28718T,A28103T,C5948T,C23451A,G25403T,T14288C,C21701T,C27759A,C27839T,C27927T,A11343G,C14288T,G24255A,C4794T,C17362T,C18747T,C20011T,T21848A,A21846C,G15121T,G25115T,C4030T,C29248A",hCoV-19/USA/AR-CDC-4106635-001/2021,EPI_ISL_2179088,GH,B.1.621,7.0,"(Spike R346K,Spike D614G,NSP12 P323L,Spike E484K,NS3 Q57H,NSP6 Q160R,NSP13 P419S,NSP3 T237A,Spike D950N,N T205I,Spike Y144T,Spike T95I,Spike ins145N,Spike P681H,Spike Y145S,Spike N501Y,NS8 T11K,NS8 S67F,NS8 P38S,N E367Q,NSP3 T720I,NSP4 T492I)"
UPLOAD|hCoV-19/USA/FL-CDC-LC0079228/2021|EPI_ISL_4378192|2021-06-21,1,6,,"A23250G,C14288T,C170T,C2959T,C987T,G25403T,A22910T,G22859A,T987C,T25403G,A3349G,C9927T,A12948T,T18905C,G22449A,A26332T,C28718T,A28103T,C5948T,C23451A,G25403T,T14288C,C21701T,C27759A,C27839T,C27927T,A11343G,C14288T,G24255A,C4794T,C17362T,C18747T,C20011T,T21848A,A21846C,G25998A,A26001T,G25896T,G20618T,C12216T,A25998G,T26001A,T12216C,G12595A,G17591T,C17636T,G24665T,A27152G",hCoV-19/Colombia/DC-INS-409483/2021,EPI_ISL_4212134,GH,B.1.621,8.0,"(Spike R346K,NSP16 S33I,Spike D614G,NSP12 P323L,Spike E484K,NS3 Q57H,NSP6 Q160R,NSP13 P419S,NSP3 T237A,Spike D950N,N T205I,Spike Y144T,Spike T95I,Spike ins145N,Spike P681H,NS3 V256I,NS3 D222Y,Spike N501Y,NS8 T11K,NS8 S67F,NS8 P38S,NSP3 T720I,NSP4 T492I)"
UPLOAD|hCoV-19/USA/FL-CDC-LC0079230/2021|EPI_ISL_4379224|2021-06-21,1,1,,"A23250G,C14288T,C170T,C2959T,C987T,G25403T,A22910T,G22859A,T987C,T25403G,A3349G,C9927T,A12948T,T18905C,G22449A,A26332T,C28718T,A28103T,C5948T,C23451A,G25403T,T14288C,C21701T,C27759A,C27839T,C27927T,A11343G,C14288T,G24255A,C4794T,C17362T,C18747T,C20011T,T21848A,A21846C,C5107T,C17577T,A6613G,C9018T,T22236A,G26007T,C20265T,C28488T,T29572C,G27920T,T26007G,C27840T",hCoV-19/USA/FL-CDC-ASC210247163/2021,EPI_ISL_3851709,GH,B.1.621.1,4.0,"(Spike R346K,Spike D614G,NSP12 P323L,NSP3 N1329D,Spike E484K,NS3 N257H,NSP6 Q160R,NSP13 P419S,NS3 Q57H,NSP3 T237A,Spike D950N,N T205I,NS3 V259L,NSP4 T189I,NSP13 P491S,Spike Y144T,Spike T95I,Spike ins145N,Spike P681H,NSP15 S261L,Spike Y145S,NS3 V256I,Spike N501Y,NS8 T11K,NS8 S67F,NS8 P38S,NSP3 T720I,NS8 A65S,NSP4 T492I)"
UPLOAD|hCoV-19/USA/FL-CDC-LC0079247/2021|EPI_ISL_4381637|2021-06-21,1,1,,"A23250G,C14288T,C170T,C2959T,C987T,G25403T,A22910T,G22859A,T987C,T25403G,A3349G,C9927T,A12948T,T18905C,G22449A,A26332T,C28718T,A28103T,C5948T,C23451A,G25403T,T14288C,C21701T,C27759A,C27839T,C27927T,A11343G,C14288T,G24255A,C4794T,C17362T,C18747T,C20011T,T21848A,A21846C,C5107T,C17577T,A6613G,C9018T,T22236A,G26007T,C20265T,C28488T,T29572C,G27920T,T26007G,C27840T,C2895T",hCoV-19/USA/FL-CDC-ASC210247163/2021,EPI_ISL_3851709,GH,B.1.621.1,5.0,"(Spike R346K,Spike D614G,NSP12 P323L,NSP3 N1329D,Spike E484K,NS3 N257H,NSP6 Q160R,NSP13 P419S,NS3 Q57H,NSP3 T237A,Spike D950N,N T205I,NS3 V259L,NSP4 T189I,NSP13 P491S,Spike Y144T,Spike T95I,Spike ins145N,Spike P681H,NSP15 S261L,Spike Y145S,NS3 V256I,Spike N501Y,NS8 T11K,NS8 S67F,NS8 P38S,NSP3 T720I,NS8 A65S,NSP4 T492I)"
UPLOAD|hCoV-19/USA/FL-CDC-LC0081886/2021|EPI_ISL_4381009|2021-06-26,1,0,,"A23250G,C14288T,C170T,C2959T,C987T,G25403T,A22910T,G22859A,T987C,T25403G,A3349G,C9927T,A12948T,T18905C,G22449A,A26332T,C28718T,A28103T,C5948T,C23451A,G25403T,T14288C,C21701T,C27759A,C27839T,C27927T,A11343G,C14288T,G24255A,C4794T,C17362T,C18747T,C20011T,T21848A,C16626A,G28209T,G18282T,A21846C,T18020C,G19879A",hCoV-19/Colombia/DC-INS-389464/2021,EPI_ISL_4196885,GH,B.1.621,2.0,"(Spike R346K,NSP14 V125F,Spike D614G,NSP12 P323L,Spike E484K,NS3 Q57H,NSP6 Q160R,NSP13 P419S,NSP3 T237A,Spike D950N,N T205I,Spike Y144T,Spike T95I,Spike ins145N,Spike P681H,NSP13 P172H,NS3 V256I,Spike N501Y,NS8 T11K,NS8 S67F,NS8 P38S,NSP3 T720I,NSP4 T492I)"
UPLOAD|hCoV-19/USA/FL-CDC-LC0081928/2021|EPI_ISL_4378976|2021-06-25,1,2,,"A23250G,C14288T,C170T,C2959T,C987T,G25403T,A22910T,G22859A,T987C,T25403G,A3349G,C9927T,A12948T,T18905C,G22449A,A26332T,C28718T,A28103T,C5948T,C23451A,G25403T,T14288C,C21701T,C27759A,C27839T,C27927T,A11343G,C14288T,G24255A,C4794T,C17362T,C18747T,C20011T,T21848A,A21846C,G25998A,A26001T,A17485G,A20482G,T2773C,A25998G,T26001A",hCoV-19/USA/FL-CDC-ASC210268967/2021,EPI_ISL_3857187,GH,B.1.621,3.0,"(Spike R346K,Spike D614G,NSP12 P323L,NSP15 K334E,Spike E484K,NS3 Q57H,NSP6 Q160R,NSP13 P419S,NSP3 T237A,Spike D950N,N T205I,Spike Y144T,Spike T95I,Spike ins145N,Spike P681H,Spike Y145S,NS3 V256I,Spike N501Y,NS8 T11K,NSP13 K460R,NS8 S67F,NS8 P38S,NSP3 T720I,NSP4 T492I)"
UPLOAD|hCoV-19/USA/FL-CDC-LC0081993/2021|EPI_ISL_4380095|2021-06-26,1,3,,"A23250G,C14288T,C170T,C2959T,C987T,G25403T,A22910T,G22859A,T987C,T25403G,A3349G,C9927T,A12948T,T18905C,G22449A,A26332T,C28718T,A28103T,C5948T,C23451A,G25403T,T14288C,C21701T,C27759A,C27839T,C27927T,A11343G,C14288T,G24255A,C4794T,C17362T,C18747T,C20011T,T21848A,A21846C,G25998A,A26001T,G4319A,G15205T,A25998G,T26001A,C1004T,C4456T,A17972G",hCoV-19/Mexico/TAM-INMEGEN-22-22/2021,EPI_ISL_3827104,GH,B.1.621,7.0,"(Spike R346K,Spike D614G,NSP12 P323L,Spike E484K,NS3 Q57H,NSP6 Q160R,NSP13 P419S,NSP3 T237A,Spike D950N,N T205I,NSP3 A562T,Spike Y144T,Spike T95I,Spike ins145N,Spike P681H,Spike Y145S,NS3 V256I,NSP12 M629I,Spike N501Y,NS8 T11K,NS8 S67F,NS8 P38S,NSP3 T720I,NSP4 T492I)"
UPLOAD|hCoV-19/USA/FL-CDC-LC0082549/2021|EPI_ISL_4381424|2021-06-28,2,2,Multiple parsimony-optimal placements found. Placement done without high confidence.,"A23250G,C14288T,C170T,C2959T,C987T,G25403T,A22910T,G22859A,T987C,T25403G,A3349G,C9927T,A12948T,T18905C,G22449A,A26332T,C28718T,A28103T,C5948T,C23451A,G25403T,T14288C,C21701T,C27759A,C27839T,C27927T,A11343G,C14288T,G24255A,C4794T,C17362T,C18747T,C20011T,T21848A,C16626A,G28209T,G18282T,A21846C,C17847T,C28824A,T28809A,C10433T,G11500A,C13746T,C13744T,C19425T",hCoV-19/USA/GA-CDC-ASC210239275/2021,EPI_ISL_3855473,GH,B.1.621,2.0,"(Spike R346K,NSP14 V125F,N Q241K,Spike D614G,NSP12 P323L,Spike E484K,NSP6 Q160R,NSP13 P419S,NS3 Q57H,NSP3 T237A,NSP12 T141I,Spike D950N,N T205I,Spike Y144T,Spike T95I,Spike ins145N,Spike P681H,NSP13 P172H,Spike Y145S,NS3 V256I,NSP6 V213I,Spike N501Y,NSP13 L581F,NS8 T11K,NS8 S67F,NS8 P38S,NSP3 T720I,NSP4 T492I)"
UPLOAD|hCoV-19/USA/FL-CDC-LC0084428/2021|EPI_ISL_4377553|2021-06-21,2,4,Multiple parsimony-optimal placements found. Placement done without high confidence.,"A23250G,C14288T,C170T,C2959T,C987T,G25403T,A22910T,G22859A,T987C,T25403G,A3349G,C9927T,A12948T,T18905C,G22449A,A26332T,C28718T,A28103T,C5948T,C23451A,G25403T,T14288C,C21701T,C27759A,C27839T,C27927T,A11343G,C14288T,G24255A,C4794T,C17362T,C18747T,C20011T,T21848A,A21846C,C5107T,C17577T,C5760T,T7399C,C17615T,A28043C",hCoV-19/Colombia/BOY-INS-17422132569/2021,EPI_ISL_4197245,GH,B.1.621,5.0,"(Spike R346K,Spike D614G,NSP12 P323L,Spike E484K,NS3 Q57H,NSP6 Q160R,NSP13 P419S,NSP3 T237A,Spike D950N,N T205I,Spike Y144T,NSP13 P491S,Spike T95I,Spike ins145N,Spike P681H,NS3 V256I,Spike N501Y,NS8 T11K,NS8 S67F,NS8 P38S,NSP3 T720I,NSP4 T492I)"
UPLOAD|hCoV-19/USA/FL-CDC-LC0089833/2021|EPI_ISL_4381320|2021-07-02,1,3,,"A23250G,C14288T,C170T,C2959T,C987T,G25403T,A22910T,G22859A,T987C,T25403G,A3349G,C9927T,A12948T,T18905C,G22449A,A26332T,C28718T,A28103T,C5948T,C23451A,G25403T,T14288C,C21701T,C27759A,C27839T,C27927T,A11343G,C14288T,G24255A,C4794T,C17362T,C18747T,C20011T,T21848A,A21846C,C5107T,C17577T,G29603T,C1789A,C5542T,A27881T",hCoV-19/Colombia/BOY-INS-17422132569/2021,EPI_ISL_4197245,GH,B.1.621,3.0,"(Spike R346K,Spike D614G,NSP12 P323L,Spike E484K,NS3 Q57H,NSP6 Q160R,NSP13 P419S,NSP3 T237A,Spike D950N,N T205I,Spike Y144T,NSP13 P491S,Spike T95I,Spike ins145N,Spike P681H,NS3 V256I,Spike N501Y,NS8 T11K,NS8 S67F,NS8 P38S,NSP3 T720I,NSP4 T492I)"
UPLOAD|hCoV-19/USA/FL-CDC-LC0090411/2021|EPI_ISL_4380791|2021-07-03,1,6,,"A23250G,C14288T,C170T,C2959T,C987T,G25403T,A22910T,G22859A,T987C,T25403G,A3349G,C9927T,A12948T,T18905C,G22449A,A26332T,C28718T,A28103T,C5948T,C23451A,G25403T,T14288C,C21701T,C27759A,C27839T,C27927T,A11343G,C14288T,G24255A,C4794T,C17362T,C18747T,C20011T,T21848A,C16626A,G28209T,G18282T,A21846C,T18020C,G19879A,A5740G,C12512T,C25550T,C29277T",hCoV-19/Colombia/DC-INS-389464/2021,EPI_ISL_4196885,GH,B.1.621,6.0,"(Spike R346K,NSP14 V125F,Spike D614G,NSP12 P323L,Spike E484K,NS3 Q57H,NSP6 Q160R,NSP13 P419S,NSP3 T237A,Spike D950N,N T205I,Spike Y144T,Spike T95I,Spike ins145N,Spike P681H,NSP13 P172H,NS3 V256I,Spike N501Y,NS8 T11K,NS8 S67F,NS8 P38S,NSP3 T720I,NSP4 T492I)"
UPLOAD|hCoV-19/USA/FL-CDC-LC0090439/2021|EPI_ISL_4378221|2021-07-05,1,15,,"A23250G,C14288T,C170T,C2959T,C987T,G25403T,A22910T,G22859A,T987C,T25403G,A3349G,C9927T,A12948T,T18905C,G22449A,A26332T,C28718T,A28103T,C5948T,C23451A,G25403T,T14288C,C21701T,C27759A,C27839T,C27927T,A11343G,C14288T,G24255A,C4794T,C17362T,C18747T,C20011T,T21848A,A21846C,G25998A,A26001T,C25548T,T28449A,C14351T,C549T,C2427T,T6841C,G7924T,C9328T,A9581G,C12330T,G17191T,C18658T,C25850T,G25902T,A25998G,T26001A,G27507T,C29557T",hCoV-19/Colombia/DC-INS-17221332854/2021,EPI_ISL_4197244,GH,B.1.621,16.0,"(Spike R346K,Spike D614G,NSP12 P323L,Spike E484K,NS3 Q57H,NSP6 Q160R,NSP13 P419S,NSP3 T237A,Spike D950N,N T205I,NSP16 R216S,NS3 L106F,Spike Y144T,Spike T95I,Spike ins145N,Spike P681H,NS3 V256I,Spike N501Y,NS8 T11K,NS8 S67F,NS8 P38S,NSP3 T720I,NSP4 T492I)"
UPLOAD|hCoV-19/USA/FL-CDC-LC0093788/2021|EPI_ISL_4382191|2021-07-06,1,3,,"A23250G,C14288T,C170T,C2959T,C987T,G25403T,A22910T,G22859A,T987C,T25403G,A3349G,C9927T,A12948T,T18905C,G22449A,A26332T,C28718T,A28103T,C5948T,C23451A,G25403T,T14288C,C21701T,C27759A,C27839T,C27927T,A11343G,C14288T,G24255A,C4794T,C17362T,C18747T,C20011T,T21848A,C16626A,G28209T,C6194T,C9430T,G17298T,C10265T,A21846C,A27472C,G27507T",hCoV-19/Colombia/DC-INS-389464/2021,EPI_ISL_4196885,GH,B.1.621,9.0,"(Spike R346K,NSP14 V125F,Spike D614G,NSP12 P323L,Spike E484K,NS3 Q57H,NSP6 Q160R,NSP13 P419S,NSP3 T237A,Spike D950N,N T205I,Spike Y144T,Spike T95I,Spike ins145N,Spike P681H,NSP13 P172H,NS3 V256I,Spike N501Y,NS8 T11K,NS8 S67F,NS8 P38S,NSP3 T720I,NSP4 T492I)"
UPLOAD|hCoV-19/USA/FL-CDC-LC0093837/2021|EPI_ISL_4377348|2021-07-07,1,2,,"A23250G,C14288T,C170T,C2959T,C987T,G25403T,A22910T,G22859A,T987C,T25403G,A3349G,C9927T,A12948T,T18905C,G22449A,A26332T,C28718T,A28103T,C5948T,C23451A,G25403T,T14288C,C21701T,C27759A,C27839T,C27927T,A11343G,C14288T,G24255A,C4794T,C17362T,C18747T,C20011T,T21848A,A21846C,G25998A,A26001T,C25548T,T28449A,G2867A,C7671T,T10549C,C18199T,C18476T,G19348T,C20436T,A25936G,C3094A,A25998G,T26001A",hCoV-19/USA/FL-CDC-LC0099060/2021,EPI_ISL_3430997,GH,B.1.621,2.0,"(Spike R346K,NS3 K235R,NSP3 Q152K,Spike D614G,NSP12 P323L,NSP14 T97I,Spike E484K,NSP6 Q160R,NSP13 P419S,NS3 Q57H,NSP3 T237A,Spike D950N,N T205I,NSP3 G76S,NS3 L106F,NSP3 S1682F,Spike Y144T,Spike T95I,Spike ins145N,Spike P681H,Spike Y145S,NS3 V256I,Spike N501Y,NS8 T11K,NSP14 G481V,NS8 S67F,NS8 P38S,NSP3 T720I,NSP4 T492I)"
UPLOAD|hCoV-19/USA/FL-CDC-LC0093932/2021|EPI_ISL_4378872|2021-07-09,1,3,,"A23250G,C14288T,C170T,C2959T,C987T,G25403T,A22910T,G22859A,T987C,T25403G,A3349G,C9927T,A12948T,T18905C,G22449A,A26332T,C28718T,A28103T,C5948T,C23451A,G25403T,T14288C,C21701T,C27759A,C27839T,C27927T,A11343G,C14288T,G24255A,C4794T,C17362T,C18747T,C20011T,T21848A,A21846C,G25998A,A26001T,G29229T,T964C,C11976A,C14767T,C16734T,C19253T,G20541T,C3792T,G1747A,C5059T,G24978T,G28747A,A1316G,A25998G,T26001A",hCoV-19/USA/VA-CDC-ASC210243993/2021,EPI_ISL_4186795,GH,B.1.621,5.0,"(Spike R346K,N D377Y,Spike D614G,NSP12 P323L,Spike E484K,NSP6 Q160R,NSP13 P419S,NS3 Q57H,NSP3 T237A,Spike D950N,N T205I,NSP2 G339S,N G215S,NSP13 A208V,Spike Y144T,Spike T95I,Spike ins145N,Spike P681H,Spike Y145S,NS3 V256I,Spike N501Y,NS8 T11K,NS8 S67F,Spike K1191N,NS8 P38S,NSP3 T720I,NSP4 T492I)"
UPLOAD|hCoV-19/USA/FL-CDC-LC0093964/2021|EPI_ISL_4381784|2021-07-06,1,3,,"A23250G,C14288T,C170T,C2959T,C987T,G25403T,A22910T,G22859A,T987C,T25403G,A3349G,C9927T,A12948T,T18905C,G22449A,A26332T,C28718T,A28103T,C5948T,C23451A,G25403T,T14288C,C21701T,C27759A,C27839T,C27927T,A11343G,C14288T,G24255A,C4794T,C17362T,C18747T,C20011T,T21848A,A21846C,G25998A,A26001T,C1612T,C2070T,A17107G,C18452T,C24217T,A25998G,T26001A,T27473C",hCoV-19/Mexico/COA_LANGEBIO_IMSS_1690/2021,EPI_ISL_3568830,GH,B.1.621,6.0,"(Spike R346K,Spike D614G,N P67S,NSP12 P323L,NSP13 I334V,Spike E484K,NS3 Q57H,NSP6 Q160R,NSP13 P419S,NSP3 T237A,Spike D950N,N T205I,Spike Y144T,Spike T95I,Spike ins145N,Spike P681H,Spike Y145S,NS3 V256I,Spike N501Y,Spike K1149R,NS8 T11K,NS8 S67F,NS8 P38S,NSP3 T720I,NSP4 T492I)"
UPLOAD|hCoV-19/USA/FL-CDC-LC0094274/2021|EPI_ISL_4380428|2021-07-09,1,0,,"A23250G,C14288T,C170T,C2959T,C987T,G25403T,A22910T,G22859A,T987C,T25403G,A3349G,C9927T,A12948T,T18905C,G22449A,A26332T,C28718T,A28103T,C5948T,C23451A,G25403T,T14288C,C21701T,C27759A,C27839T,C27927T,A11343G,C14288T,G24255A,C4794T,C17362T,C18747T,C20011T,T21848A,A21846C,G25998A,A26001T,G29229T,T964C,C11976A,C14767T,C16734T,C19253T,G20541T,C3792T,G1747A,C5059T,G24978T,G28747A,A1316G,A25998G,T26001A",hCoV-19/USA/VA-CDC-ASC210243993/2021,EPI_ISL_4186795,GH,B.1.621,5.0,"(Spike R346K,N D377Y,Spike D614G,NSP12 P323L,Spike E484K,NSP6 Q160R,NSP13 P419S,NS3 Q57H,NSP3 T237A,Spike D950N,N T205I,NSP2 G339S,N G215S,NSP13 A208V,Spike Y144T,Spike T95I,Spike ins145N,Spike P681H,Spike Y145S,NS3 V256I,Spike N501Y,NS8 T11K,NS8 S67F,Spike K1191N,NS8 P38S,NSP3 T720I,NSP4 T492I)"
UPLOAD|hCoV-19/USA/FL-CDC-LC0094275/2021|EPI_ISL_4380811|2021-07-09,1,0,,"A23250G,C14288T,C170T,C2959T,C987T,G25403T,A22910T,G22859A,T987C,T25403G,A3349G,C9927T,A12948T,T18905C,G22449A,A26332T,C28718T,A28103T,C5948T,C23451A,G25403T,T14288C,C21701T,C27759A,C27839T,C27927T,A11343G,C14288T,G24255A,C4794T,C17362T,C18747T,C20011T,T21848A,A21846C,G25998A,A26001T,G29229T,T964C,C11976A,C14767T,C16734T,C19253T,G20541T,C3792T,G1747A,C5059T,G24978T,G28747A,A1316G,A25998G,T26001A",hCoV-19/USA/VA-CDC-ASC210243993/2021,EPI_ISL_4186795,GH,B.1.621,5.0,"(Spike R346K,N D377Y,Spike D614G,NSP12 P323L,Spike E484K,NSP6 Q160R,NSP13 P419S,NS3 Q57H,NSP3 T237A,Spike D950N,N T205I,NSP2 G339S,N G215S,NSP13 A208V,Spike Y144T,Spike T95I,Spike ins145N,Spike P681H,Spike Y145S,NS3 V256I,Spike N501Y,NS8 T11K,NS8 S67F,Spike K1191N,NS8 P38S,NSP3 T720I,NSP4 T492I)"
UPLOAD|hCoV-19/USA/FL-CDC-LC0094302/2021|EPI_ISL_4381338|2021-07-06,1,1,,"A23250G,C14288T,C170T,C2959T,C987T,G25403T,A22910T,G22859A,T987C,T25403G,A3349G,C9927T,A12948T,T18905C,G22449A,A26332T,C28718T,A28103T,C5948T,C23451A,G25403T,T14288C,C21701T,C27759A,C27839T,C27927T,A11343G,C14288T,G24255A,C4794T,C17362T,C18747T,C20011T,T21848A,C16626A,G28209T,G18282T,A21846C,T18020C,G19879A,A5740G,C28141A",hCoV-19/Colombia/DC-INS-389464/2021,EPI_ISL_4196885,GH,B.1.621,4.0,"(Spike R346K,NSP14 V125F,Spike D614G,NSP12 P323L,Spike E484K,NS3 Q57H,NSP6 Q160R,NSP13 P419S,NSP3 T237A,Spike D950N,N T205I,Spike Y144T,Spike T95I,Spike ins145N,Spike P681H,NSP13 P172H,NS3 V256I,Spike N501Y,NS8 T11K,NS8 S67F,NS8 P38S,NSP3 T720I,NSP4 T492I)"
UPLOAD|hCoV-19/USA/FL-CDC-LC0095044/2021|EPI_ISL_4381440|2021-07-11,1,3,,"A23250G,C14288T,C170T,C2959T,C987T,G25403T,A22910T,G22859A,T987C,T25403G,A3349G,C9927T,A12948T,T18905C,G22449A,A26332T,C28718T,A28103T,C5948T,C23451A,G25403T,T14288C,C21701T,C27759A,C27839T,C27927T,A11343G,C14288T,G24255A,C4794T,C17362T,C18747T,C20011T,T21848A,A21846C,C5107T,C17577T,G29603T,C1685T,G3261T,G5125A,C24748T,T29603G",hCoV-19/Colombia/BOY-INS-17223012569/2021,EPI_ISL_4197224,GH,B.1.621,4.0,"(Spike R346K,Spike D614G,NSP12 P323L,Spike E484K,NS3 Q57H,NSP6 Q160R,NSP13 P419S,NSP3 T237A,Spike D950N,N T205I,NSP2 A318V,Spike Y144T,NSP13 P491S,Spike T95I,Spike ins145N,Spike P681H,NS3 V256I,Spike N501Y,NS8 T11K,NS8 S67F,NS8 P38S,NSP3 T720I,NSP4 T492I)"
UPLOAD|hCoV-19/USA/FL-CDC-LC0095090/2021|EPI_ISL_4380972|2021-07-10,2,1,Multiple parsimony-optimal placements found. Placement done without high confidence.,"A23250G,C14288T,C170T,C2959T,C987T,G25403T,A22910T,G22859A,T987C,T25403G,A3349G,C9927T,A12948T,T18905C,G22449A,A26332T,C28718T,A28103T,C5948T,C23451A,G25403T,T14288C,C21701T,C27759A,C27839T,C27927T,A11343G,C14288T,G24255A,C4794T,C17362T,C18747T,C20011T,T21848A,A21846C,C5107T,C17577T,A6613G,C9018T,T22236A,G26007T,C20265T,C28488T,T29572C,T26007G",hCoV-19/USA/IA-SHL-1771783/2021,EPI_ISL_3672676,GH,B.1.621.1,1.0,"(Spike R346K,Spike D614G,NSP12 P323L,Spike E484K,NSP3 N1329D,NS3 N257H,NS3 Q57H,NSP6 Q160R,NSP13 P419S,NSP3 T237A,Spike D950N,N T205I,NS3 V259L,NSP4 T189I,NSP13 P491S,Spike Y144T,Spike T95I,Spike ins145N,Spike P681H,NSP15 S261L,NS3 V256I,Spike N501Y,NS8 T11K,NS8 S67F,NS8 P38S,NSP3 T720I,NSP4 T492I)"
UPLOAD|hCoV-19/USA/FL-CDC-LC0095276/2021|EPI_ISL_4381098|2021-07-06,1,4,,"A23250G,C14288T,C170T,C2959T,C987T,G25403T,A22910T,G22859A,T987C,T25403G,A3349G,C9927T,A12948T,T18905C,G22449A,A26332T,C28718T,A28103T,C5948T,C23451A,G25403T,T14288C,C21701T,C27759A,C27839T,C27927T,A11343G,C14288T,G24255A,C4794T,C17362T,C18747T,C20011T,T21848A,A21846C,G25998A,A26001T,A14880G,C18905T,T17996A,T13461C,C17546T,T5094A,C23526T,G18956T,C22906T,A25998G,T26001A",hCoV-19/USA/AZ-USAFSAM-S4195/2021,EPI_ISL_4078495,GH,B.1.621,4.0,"(Spike R346K,Spike D614G,NSP12 P323L,Spike E484K,NS3 Q57H,NSP13 P419S,NSP3 T237A,Spike D950N,N T205I,Spike A706V,Spike Y144T,NSP12 Y521C,Spike T95I,Spike ins145N,Spike P681H,Spike Y145S,NS3 V256I,Spike N501Y,NS8 T11K,NS8 S67F,NS8 P38S,NSP3 T720I,NSP4 T492I)"
UPLOAD|hCoV-19/USA/FL-CDC-LC0095282/2021|EPI_ISL_4379046|2021-07-06,2,4,Multiple parsimony-optimal placements found. Placement done without high confidence.,"A23250G,C14288T,C170T,C2959T,C987T,G25403T,A22910T,G22859A,T987C,T25403G,A3349G,C9927T,A12948T,T18905C,G22449A,A26332T,C28718T,A28103T,C5948T,C23451A,G25403T,T14288C,C21701T,C27759A,C27839T,C27927T,A11343G,C14288T,G24255A,C4794T,C17362T,C18747T,C20011T,T21848A,A21846C,C5107T,C17577T,G29603T,C1685T,G3261T,T4794C,T27839C,T27927C",hCoV-19/Colombia/BOY-INS-17223012569/2021,EPI_ISL_4197224,GH,B.1.621,4.0,"(Spike R346K,Spike D614G,NSP12 P323L,Spike E484K,NS3 Q57H,NSP6 Q160R,NSP13 P419S,NSP3 T237A,Spike D950N,N T205I,NSP2 A318V,Spike Y144T,NSP13 P491S,Spike T95I,Spike ins145N,Spike P681H,NS3 V256I,Spike N501Y,NS8 T11K,NS8 S67F,NS8 P38S,NSP3 T720I,NSP4 T492I)"
