uploaded,placements,parsimony,message,mutation_path,neighbour,neighbour_id,neighbour_clade,neighbour_lineage,neighbour_distance,neighbour_prot_mutations
UPLOAD|hCoV-19/USA/FL-CDC-ASC210010933/2021|EPI_ISL_4365285|2021-03-18,1,0,,"A23250G,C14288T,C170T,C2959T,C987T,G25403T,A22910T,G22859A,T987C,T25403G,A3349G,C9927T,A12948T,T18905C,G22449A,A26332T,C28718T,A28103T,C5948T,C23451A,G25403T,T14288C,C21701T,C27759A,C27839T,C27927T,A11343G,C14288T,G24255A,C4794T,C17362T,C18747T,C20011T,T21848A,A21846C,C5107T,C17577T,G29603T",hCoV-19/Colombia/BOY-INS-17422132569/2021,EPI_ISL_4197245,GH,B.1.621,0.0,"(Spike R346K,Spike D614G,NSP12 P323L,Spike E484K,NS3 Q57H,NSP6 Q160R,NSP13 P419S,NSP3 T237A,Spike D950N,N T205I,Spike Y144T,NSP13 P491S,Spike T95I,Spike ins145N,Spike P681H,NS3 V256I,Spike N501Y,NS8 T11K,NS8 S67F,NS8 P38S,NSP3 T720I,NSP4 T492I)"
UPLOAD|hCoV-19/USA/FL-CDC-ASC210032622/2021|EPI_ISL_4365658|2021-04-24,2,10,Multiple parsimony-optimal placements found. Placement done without high confidence.,"A23250G,C14288T,C170T,C2959T,C987T,G25403T,A22910T,G22859A,T987C,T25403G,A3349G,C9927T,A12948T,T18905C,G22449A,A26332T,C28718T,A28103T,C5948T,C23451A,G25403T,T14288C,C21701T,C27759A,C27839T,C27927T,A11343G,C14288T,G24255A,C4794T,C17362T,C18747T,C20011T,A3300G,A14880G,G16893T,C19897T,C20870T,C25292G,T25426C,T28084C,A28086C,C29380T",hCoV-19/Colombia/DC-INS-389464/2021,EPI_ISL_4196885,GH,B.1.621,15.0,"(Spike R346K,NSP14 V125F,Spike D614G,NSP12 P323L,Spike E484K,NS3 Q57H,NSP6 Q160R,NSP13 P419S,NSP3 T237A,Spike D950N,N T205I,Spike Y144T,Spike T95I,Spike ins145N,Spike P681H,NSP13 P172H,NS3 V256I,Spike N501Y,NS8 T11K,NS8 S67F,NS8 P38S,NSP3 T720I,NSP4 T492I)"
UPLOAD|hCoV-19/USA/FL-CDC-ASC210034178/2021|EPI_ISL_4364984|2021-04-25,1,0,,"A23250G,C14288T,C170T,C2959T,C987T,G25403T,A22910T,G22859A,T987C,T25403G,A3349G,C9927T,A12948T,T18905C,G22449A,A26332T,C28718T,A28103T,C5948T,C23451A,G25403T,T14288C,C21701T,C27759A,C27839T,C27927T,A11343G,C14288T,G24255A,C4794T,C17362T,C18747T,C20011T,T21848A,C16626A,G28209T,G18282T,A21846C,C17847T,C28824A,T28809A",hCoV-19/USA/GA-CDC-ASC210239275/2021,EPI_ISL_3855473,GH,B.1.621,3.0,"(Spike R346K,NSP14 V125F,N Q241K,Spike D614G,NSP12 P323L,Spike E484K,NSP6 Q160R,NSP13 P419S,NS3 Q57H,NSP3 T237A,NSP12 T141I,Spike D950N,N T205I,Spike Y144T,Spike T95I,Spike ins145N,Spike P681H,NSP13 P172H,Spike Y145S,NS3 V256I,NSP6 V213I,Spike N501Y,NSP13 L581F,NS8 T11K,NS8 S67F,NS8 P38S,NSP3 T720I,NSP4 T492I)"
UPLOAD|hCoV-19/USA/FL-CDC-ASC210038318/2021|EPI_ISL_4366007|2021-05-03,2,3,Multiple parsimony-optimal placements found. Placement done without high confidence.,"A23250G,C14288T,C170T,C2959T,C987T,G25403T,A22910T,G22859A,T987C,T25403G,A3349G,C9927T,A12948T,T18905C,G22449A,A26332T,C28718T,A28103T,C5948T,C23451A,G25403T,T14288C,C21701T,C27759A,C27839T,C27927T,A11343G,C14288T,G24255A,C4794T,C17362T,C18747T,C20011T,T21848A,A21846C,G25998A,A26001T,A14880G,G16893T,C25292G,C12364T,G25091T,C27493T,G20532A,A25998G,T26001A",hCoV-19/Mexico/GRO_LANGEBIO_IMSS_1869/2021,EPI_ISL_3568837,GH,B.1.621,4.0,"(Spike R346K,Spike D614G,NSP12 P323L,Spike E484K,NSP13 E261D,NS3 Q57H,NSP6 Q160R,NSP13 P419S,NSP3 T237A,Spike D950N,N T205I,Spike M1229I,Spike Y144T,NSP12 Y521C,Spike T95I,Spike ins145N,Spike P681H,Spike Y145S,NS3 V256I,Spike N501Y,NS8 T11K,NS8 S67F,NS8 P38S,NSP3 T720I,NS3 I20M,NSP4 T492I)"
UPLOAD|hCoV-19/USA/FL-CDC-ASC210039104/2021|EPI_ISL_4365057|2021-03-31,1,2,,"A23250G,C14288T,C170T,C2959T,C987T,G25403T,A22910T,G22859A,T987C,T25403G,A3349G,C9927T,A12948T,T18905C,G22449A,A26332T,C28718T,A28103T,C5948T,C23451A,G25403T,T14288C,C21701T,C27759A,C27839T,C27927T,A11343G,C14288T,G24255A,C4794T,C17362T,C18747T,C20011T,T21848A,A21846C,G25998A,A26001T,C25548T,T28449A,C14351T,A25998G,T26001A",hCoV-19/Colombia/DC-INS-17221332854/2021,EPI_ISL_4197244,GH,B.1.621,3.0,"(Spike R346K,Spike D614G,NSP12 P323L,Spike E484K,NS3 Q57H,NSP6 Q160R,NSP13 P419S,NSP3 T237A,Spike D950N,N T205I,NSP16 R216S,NS3 L106F,Spike Y144T,Spike T95I,Spike ins145N,Spike P681H,NS3 V256I,Spike N501Y,NS8 T11K,NS8 S67F,NS8 P38S,NSP3 T720I,NSP4 T492I)"
UPLOAD|hCoV-19/USA/FL-CDC-ASC210047646/2021|EPI_ISL_4365466|2021-04-06,1,6,,"A23250G,C14288T,C170T,C2959T,C987T,G25403T,A22910T,G22859A,T987C,T25403G,A3349G,C9927T,A12948T,T18905C,G22449A,A26332T,C28718T,A28103T,C5948T,C23451A,G25403T,T14288C,C21701T,C27759A,C27839T,C27927T,A11343G,C14288T,G24255A,C4794T,C17362T,C18747T,C20011T,T21848A,C16626A,G28209T,A21846C,C264T,C7671T,C17341T,G17611A,G17858T,T25887C",hCoV-19/Colombia/DC-INS-389464/2021,EPI_ISL_4196885,GH,B.1.621,9.0,"(Spike R346K,NSP14 V125F,Spike D614G,NSP12 P323L,Spike E484K,NS3 Q57H,NSP6 Q160R,NSP13 P419S,NSP3 T237A,Spike D950N,N T205I,Spike Y144T,Spike T95I,Spike ins145N,Spike P681H,NSP13 P172H,NS3 V256I,Spike N501Y,NS8 T11K,NS8 S67F,NS8 P38S,NSP3 T720I,NSP4 T492I)"
UPLOAD|hCoV-19/USA/FL-CDC-ASC210061476/2021|EPI_ISL_4365630|2021-05-09,1,2,,"A23250G,C14288T,C170T,C2959T,C987T,G25403T,A22910T,G22859A,T987C,T25403G,A3349G,C9927T,A12948T,T18905C,G22449A,A26332T,C28718T,A28103T,C5948T,C23451A,G25403T,T14288C,C21701T,C27759A,C27839T,C27927T,A11343G,C14288T,G24255A,C4794T,C17362T,C18747T,C20011T,T21848A,C16626A,G28209T,G18282T,A21846C,G7052A,C12425T",hCoV-19/Colombia/DC-INS-389464/2021,EPI_ISL_4196885,GH,B.1.621,2.0,"(Spike R346K,NSP14 V125F,Spike D614G,NSP12 P323L,Spike E484K,NS3 Q57H,NSP6 Q160R,NSP13 P419S,NSP3 T237A,Spike D950N,N T205I,Spike Y144T,Spike T95I,Spike ins145N,Spike P681H,NSP13 P172H,NS3 V256I,Spike N501Y,NS8 T11K,NS8 S67F,NS8 P38S,NSP3 T720I,NSP4 T492I)"
UPLOAD|hCoV-19/USA/FL-CDC-ASC210062421/2021|EPI_ISL_4365616|2021-05-11,1,3,,"A23250G,C14288T,C170T,C2959T,C987T,G25403T,A22910T,G22859A,T987C,T25403G,A3349G,C9927T,A12948T,T18905C,G22449A,A26332T,C28718T,A28103T,C5948T,C23451A,G25403T,T14288C,C21701T,C27759A,C27839T,C27927T,A11343G,C14288T,G24255A,C4794T,C17362T,C18747T,C20011T,T21848A,A21846C,G25998A,A26001T,C18378T,A609G,C22041T,A27472G,C1118T,A25998G,T26001A,C26640T",hCoV-19/Peru/LIM-INS-2722/2021,EPI_ISL_3654105,GH,B.1.621,6.0,"(Spike R346K,Spike Y144S,Spike P209L,Spike D614G,NSP12 P323L,Spike E484K,Spike Y145N,NS3 Q57H,NSP6 Q160R,NSP2 P129S,NSP13 P419S,NSP3 T237A,Spike D950N,N T205I,NSP14 L157F,Spike T95I,Spike P681H,NS3 V256I,Spike N501Y,NS8 T11K,NSP1 D139G,NS8 P38S,NSP3 T720I,NSP4 T492I)"
UPLOAD|hCoV-19/USA/FL-CDC-ASC210063426/2021|EPI_ISL_4365551|2021-05-13,1,2,,"A23250G,C14288T,C170T,C2959T,C987T,G25403T,A22910T,G22859A,T987C,T25403G,A3349G,C9927T,A12948T,T18905C,G22449A,A26332T,C28718T,A28103T,C5948T,C23451A,G25403T,T14288C,C21701T,C27759A,C27839T,C27927T,A11343G,C14288T,G24255A,C4794T,C17362T,C18747T,C20011T,T21848A,A21846C,G25998A,A26001T,G4319A,G15205T,A25998G,T26001A,C512T,C10728T",hCoV-19/Mexico/TAM-INMEGEN-22-22/2021,EPI_ISL_3827104,GH,B.1.621,6.0,"(Spike R346K,Spike D614G,NSP12 P323L,Spike E484K,NS3 Q57H,NSP6 Q160R,NSP13 P419S,NSP3 T237A,Spike D950N,N T205I,NSP3 A562T,Spike Y144T,Spike T95I,Spike ins145N,Spike P681H,Spike Y145S,NS3 V256I,NSP12 M629I,Spike N501Y,NS8 T11K,NS8 S67F,NS8 P38S,NSP3 T720I,NSP4 T492I)"
UPLOAD|hCoV-19/USA/FL-CDC-ASC210063614/2021|EPI_ISL_4365147|2021-05-14,1,5,,"A23250G,C14288T,C170T,C2959T,C987T,G25403T,A22910T,G22859A,T987C,T25403G,A3349G,C9927T,A12948T,T18905C,G22449A,A26332T,C28718T,A28103T,C5948T,C23451A,G25403T,T14288C,C21701T,C27759A,C27839T,C27927T,A11343G,C14288T,G24255A,C4794T,C17362T,C18747T,C20011T,T21848A,A21846C,G25998A,A26001T,C24939T,T25506C,G27911T,C28351A,T22732A,C7672T,C18378T,G18855A,A25998G,T26001A",hCoV-19/Colombia/DC-INS-402923/2021,EPI_ISL_4212128,GH,B.1.621,6.0,"(Spike R346K,Spike D614G,NSP12 P323L,Spike E484K,NS3 Q57H,NSP13 P419S,NSP6 Q160R,NSP3 T237A,Spike D950N,N T205I,N Q83K,Spike Y144T,NSP12 H572Y,Spike T95I,Spike ins145N,Spike P681H,NS3 V256I,NS8 V62L,Spike N501Y,NS8 T11K,NS8 S67F,NS8 P38S,NSP3 T720I,NSP4 T492I,NS3 S92P)"
UPLOAD|hCoV-19/USA/FL-CDC-ASC210063892/2021|EPI_ISL_4365762|2021-05-13,1,4,,"A23250G,C14288T,C170T,C2959T,C987T,G25403T,A22910T,G22859A,T987C,T25403G,A3349G,C9927T,A12948T,T18905C,G22449A,A26332T,C28718T,A28103T,C5948T,C23451A,G25403T,T14288C,C21701T,C27759A,C27839T,C27927T,A11343G,C14288T,G24255A,C4794T,C17362T,C18747T,C20011T,A3300G,A14880G,G16893T,C19897T,C20870T,C25292G,T25426C,T28084C,A28086C,C29380T,A21846C,T21848A,A15082T,G22094T",hCoV-19/Colombia/DC-INS-389464/2021,EPI_ISL_4196885,GH,B.1.621,19.0,"(Spike R346K,NSP14 V125F,Spike D614G,NSP12 P323L,Spike E484K,NS3 Q57H,NSP6 Q160R,NSP13 P419S,NSP3 T237A,Spike D950N,N T205I,Spike Y144T,Spike T95I,Spike ins145N,Spike P681H,NSP13 P172H,NS3 V256I,Spike N501Y,NS8 T11K,NS8 S67F,NS8 P38S,NSP3 T720I,NSP4 T492I)"
UPLOAD|hCoV-19/USA/FL-CDC-ASC210064234/2021|EPI_ISL_4365537|2021-05-16,1,3,,"A23250G,C14288T,C170T,C2959T,C987T,G25403T,A22910T,G22859A,T987C,T25403G,A3349G,C9927T,A12948T,T18905C,G22449A,A26332T,C28718T,A28103T,C5948T,C23451A,G25403T,T14288C,C21701T,C27759A,C27839T,C27927T,A11343G,C14288T,G24255A,C4794T,C17362T,C18747T,C20011T,T21848A,A21846C,G25998A,A26001T,C24939T,T25506C,G27911T,C28351A,T22732A,C7672T,C18378T,G18855A,A25998G,T26001A,A6568G,C17156T,C26724T",hCoV-19/Colombia/DC-INS-402923/2021,EPI_ISL_4212128,GH,B.1.621,9.0,"(Spike R346K,Spike D614G,NSP12 P323L,Spike E484K,NS3 Q57H,NSP13 P419S,NSP6 Q160R,NSP3 T237A,Spike D950N,N T205I,N Q83K,Spike Y144T,NSP12 H572Y,Spike T95I,Spike ins145N,Spike P681H,NS3 V256I,NS8 V62L,Spike N501Y,NS8 T11K,NS8 S67F,NS8 P38S,NSP3 T720I,NSP4 T492I,NS3 S92P)"
UPLOAD|hCoV-19/USA/FL-CDC-ASC210064429/2021|EPI_ISL_4364897|2021-05-17,2,7,Multiple parsimony-optimal placements found. Placement done without high confidence.,"A23250G,C14288T,C170T,C2959T,C987T,G25403T,A22910T,G22859A,T987C,T25403G,A3349G,C9927T,A12948T,T18905C,G22449A,A26332T,C28718T,A28103T,C5948T,C23451A,G25403T,T14288C,C21701T,C27759A,C27839T,C27927T,A11343G,C14288T,G24255A,C4794T,C17362T,C18747T,C20011T,T21848A,A21846C,T27927C,G148T,C10272T,G13269A,C27981T,T28076C,G28730T",hCoV-19/USA/AR-CDC-4106635-001/2021,EPI_ISL_2179088,GH,B.1.621,10.0,"(Spike R346K,Spike D614G,NSP12 P323L,Spike E484K,NS3 Q57H,NSP6 Q160R,NSP13 P419S,NSP3 T237A,Spike D950N,N T205I,Spike Y144T,Spike T95I,Spike ins145N,Spike P681H,Spike Y145S,Spike N501Y,NS8 T11K,NS8 S67F,NS8 P38S,N E367Q,NSP3 T720I,NSP4 T492I)"
UPLOAD|hCoV-19/USA/FL-CDC-ASC210065130/2021|EPI_ISL_4364941|2021-05-18,1,3,,"A23250G,C14288T,C170T,C2959T,C987T,G25403T,A22910T,G22859A,T987C,T25403G,A3349G,C9927T,A12948T,T18905C,G22449A,A26332T,C28718T,A28103T,C5948T,C23451A,G25403T,T14288C,C21701T,C27759A,C27839T,C27927T,A11343G,C14288T,G24255A,C4794T,C17362T,C18747T,C20011T,T21848A,A21846C,G25998A,A26001T,G4319A,G15205T,A25998G,T26001A,C4001T,A12141G,A22355T",hCoV-19/Mexico/TAM-INMEGEN-22-22/2021,EPI_ISL_3827104,GH,B.1.621,7.0,"(Spike R346K,Spike D614G,NSP12 P323L,Spike E484K,NS3 Q57H,NSP6 Q160R,NSP13 P419S,NSP3 T237A,Spike D950N,N T205I,NSP3 A562T,Spike Y144T,Spike T95I,Spike ins145N,Spike P681H,Spike Y145S,NS3 V256I,NSP12 M629I,Spike N501Y,NS8 T11K,NS8 S67F,NS8 P38S,NSP3 T720I,NSP4 T492I)"
UPLOAD|hCoV-19/USA/FL-CDC-ASC210067144/2021|EPI_ISL_4366648|2021-05-26,2,6,Multiple parsimony-optimal placements found. Placement done without high confidence.,"A23250G,C14288T,C170T,C2959T,C987T,G25403T,A22910T,G22859A,T987C,T25403G,A3349G,C9927T,A12948T,T18905C,G22449A,A26332T,C28718T,A28103T,C5948T,C23451A,G25403T,T14288C,C21701T,C27759A,C27839T,C27927T,A11343G,C14288T,G24255A,C4794T,C17362T,C18747T,C20011T,T21848A,A21846C,T27927C,A5335G,G11024A,C14146T,C25548T,T28449A,G29558T",hCoV-19/USA/AR-CDC-4106635-001/2021,EPI_ISL_2179088,GH,B.1.621,10.0,"(Spike R346K,Spike D614G,NSP12 P323L,Spike E484K,NS3 Q57H,NSP6 Q160R,NSP13 P419S,NSP3 T237A,Spike D950N,N T205I,Spike Y144T,Spike T95I,Spike ins145N,Spike P681H,Spike Y145S,Spike N501Y,NS8 T11K,NS8 S67F,NS8 P38S,N E367Q,NSP3 T720I,NSP4 T492I)"
UPLOAD|hCoV-19/USA/FL-CDC-ASC210067199/2021|EPI_ISL_4364939|2021-05-27,2,6,Multiple parsimony-optimal placements found. Placement done without high confidence.,"A23250G,C14288T,C170T,C2959T,C987T,G25403T,A22910T,G22859A,T987C,T25403G,A3349G,C9927T,A12948T,T18905C,G22449A,A26332T,C28718T,A28103T,C5948T,C23451A,G25403T,T14288C,C21701T,C27759A,C27839T,C27927T,A11343G,C14288T,G24255A,C4794T,C17362T,C18747T,C20011T,T21848A,C16626A,G28209T,A21846C,T386C,C6194T,C9430T,C10265T,G17298T",hCoV-19/Colombia/DC-INS-389464/2021,EPI_ISL_4196885,GH,B.1.621,8.0,"(Spike R346K,NSP14 V125F,Spike D614G,NSP12 P323L,Spike E484K,NS3 Q57H,NSP6 Q160R,NSP13 P419S,NSP3 T237A,Spike D950N,N T205I,Spike Y144T,Spike T95I,Spike ins145N,Spike P681H,NSP13 P172H,NS3 V256I,Spike N501Y,NS8 T11K,NS8 S67F,NS8 P38S,NSP3 T720I,NSP4 T492I)"
UPLOAD|hCoV-19/USA/FL-CDC-ASC210076575/2021|EPI_ISL_4365634|2021-04-20,1,5,,"A23250G,C14288T,C170T,C2959T,C987T,G25403T,A22910T,G22859A,T987C,T25403G,A3349G,C9927T,A12948T,T18905C,G22449A,A26332T,C28718T,A28103T,C5948T,C23451A,G25403T,T14288C,C21701T,C27759A,C27839T,C27927T,A11343G,C14288T,G24255A,C4794T,C17362T,C18747T,C20011T,T21848A,A21846C,G25998A,A26001T,C18378T,C17156T,G27217T,G3635A,C4498T,T5303C,A25998G,T26001A",hCoV-19/USA/TN-CDC-ASC210245934/2021,EPI_ISL_4186863,GH,B.1.621,11.0,"(Spike R346K,Spike D614G,NSP12 P323L,NSP4 G105S,Spike E484K,NSP6 Q160R,NSP13 P419S,NS3 Q57H,NSP3 T237A,NSP13 R339L,Spike D950N,N T205I,NS6 E59D,Spike Y144T,NSP14 L157F,Spike T95I,Spike ins145N,Spike P681H,Spike Y145S,NS3 V256I,NSP13 S350L,Spike N501Y,NS8 T11K,NS8 S67F,NS8 P38S,NSP3 T720I,M M109I,NSP2 E19D,NSP4 T492I)"
UPLOAD|hCoV-19/USA/FL-CDC-ASC210105724/2021|EPI_ISL_4364996|2021-05-26,1,5,,"A23250G,C14288T,C170T,C2959T,C987T,G25403T,A22910T,G22859A,T987C,T25403G,A3349G,C9927T,A12948T,T18905C,G22449A,A26332T,C28718T,A28103T,C5948T,C23451A,G25403T,T14288C,C21701T,C27759A,C27839T,C27927T,A11343G,C14288T,G24255A,C4794T,C17362T,C18747T,C20011T,T21848A,A21846C,G25998A,A26001T,A14880G,G16893T,C25292G,C27366T,C26445T,G6439A,C18265T,C24889T,A25998G,T26001A",hCoV-19/Chile/TA-136291/2021,EPI_ISL_3987639,GH,B.1.621,5.0,"(Spike R346K,Spike Y144S,Spike D614G,NSP12 P323L,Spike E484K,NSP13 E261D,Spike Y145N,NS3 Q57H,NSP6 Q160R,NSP13 P419S,NSP3 T237A,N T205I,Spike D950B,NSP12 Y521C,Spike T95I,Spike P681H,NS3 V256I,Spike N501Y,NS8 T11K,NS8 P38S,NSP3 T720I,NS3 I20M,NSP4 T492I)"
UPLOAD|hCoV-19/USA/FL-CDC-ASC210105863/2021|EPI_ISL_4365573|2021-05-27,2,2,Multiple parsimony-optimal placements found. Placement done without high confidence.,"A23250G,C14288T,C170T,C2959T,C987T,G25403T,A22910T,G22859A,T987C,T25403G,A3349G,C9927T,A12948T,T18905C,G22449A,A26332T,C28718T,A28103T,C5948T,C23451A,G25403T,T14288C,C21701T,C27759A,C27839T,C27927T,A11343G,C14288T,G24255A,C4794T,C17362T,C18747T,C20011T,T21848A,A21846C,C5107T,C17577T,A6613G,C9018T,T22236A,G26007T,C20265T,C28488T,T29572C,A21848T,T21845A,T26007G",hCoV-19/Spain/CL-COV08331/2021,EPI_ISL_3881841,GH,B.1.621.1,2.0,"(Spike R346K,Spike D614G,NSP12 P323L,NSP3 N1329D,Spike E484K,Spike Y145N,NS3 N257H,NSP6 Q160R,NSP13 P419S,NS3 Q57H,NSP3 T237A,Spike D950N,N T205I,NS3 V259L,NSP4 T189I,NSP13 P491S,Spike T95I,Spike P681H,NSP15 S261L,NS3 V256I,Spike N501Y,NS8 T11K,NS8 S67F,NS8 P38S,NSP3 T720I,NSP4 T492I)"
UPLOAD|hCoV-19/USA/FL-CDC-ASC210105930/2021|EPI_ISL_4364959|2021-05-27,1,1,,"A23250G,C14288T,C170T,C2959T,C987T,G25403T,A22910T,G22859A,T987C,T25403G,A3349G,C9927T,A12948T,T18905C,G22449A,A26332T,C28718T,A28103T,C5948T,C23451A,G25403T,T14288C,C21701T,C27759A,C27839T,C27927T,A11343G,C14288T,G24255A,C4794T,C17362T,C18747T,C20011T,T21848A,A21846C,C5107T,C17577T,G29603T,C1685T,C105T",hCoV-19/Colombia/BOY-INS-17223012569/2021,EPI_ISL_4197224,GH,B.1.621,1.0,"(Spike R346K,Spike D614G,NSP12 P323L,Spike E484K,NS3 Q57H,NSP6 Q160R,NSP13 P419S,NSP3 T237A,Spike D950N,N T205I,NSP2 A318V,Spike Y144T,NSP13 P491S,Spike T95I,Spike ins145N,Spike P681H,NS3 V256I,Spike N501Y,NS8 T11K,NS8 S67F,NS8 P38S,NSP3 T720I,NSP4 T492I)"
UPLOAD|hCoV-19/USA/FL-CDC-ASC210106506/2021|EPI_ISL_4365622|2021-05-29,1,0,,"A23250G,C14288T,C170T,C2959T,C987T,G25403T,A22910T,G22859A,T987C,T25403G,A3349G,C9927T,A12948T,T18905C,G22449A,A26332T,C28718T,A28103T,C5948T,C23451A,G25403T,T14288C,C21701T,C27759A,C27839T,C27927T,A11343G,C14288T,G24255A,C4794T,C17362T,C18747T,C20011T,T21848A,A21846C,T27927C,G148T,C10272T,G13269A,C27981T,T28076C,G28730T",hCoV-19/USA/AR-CDC-4106635-001/2021,EPI_ISL_2179088,GH,B.1.621,10.0,"(Spike R346K,Spike D614G,NSP12 P323L,Spike E484K,NS3 Q57H,NSP6 Q160R,NSP13 P419S,NSP3 T237A,Spike D950N,N T205I,Spike Y144T,Spike T95I,Spike ins145N,Spike P681H,Spike Y145S,Spike N501Y,NS8 T11K,NS8 S67F,NS8 P38S,N E367Q,NSP3 T720I,NSP4 T492I)"
UPLOAD|hCoV-19/USA/FL-CDC-ASC210107472/2021|EPI_ISL_4366302|2021-06-04,1,7,,"A23250G,C14288T,C170T,C2959T,C987T,G25403T,A22910T,G22859A,T987C,T25403G,A3349G,C9927T,A12948T,T18905C,G22449A,A26332T,C28718T,A28103T,C5948T,C23451A,G25403T,T14288C,C21701T,C27759A,C27839T,C27927T,A11343G,C14288T,G24255A,C4794T,C17362T,C18747T,C20011T,T21848A,A21846C,G25998A,A26001T,C25548T,T28449A,G5246A,A23647G,G14665A,T406G,C10727T,T25559C,A25998G,T26001A,C26734T,C27342A",hCoV-19/USA/FL-TGH-1368/2021,EPI_ISL_3720994,GH,B.1.621,11.0,"(Spike R346K,Spike D614G,NSP12 P323L,Spike E484K,NS3 Q57H,NSP6 Q160R,NSP13 P419S,NS3 V48F,NSP3 T237A,Spike D950N,N T205I,NS3 L106F,Spike Y144T,NSP12 A449T,Spike T95I,Spike ins145N,Spike P681H,Spike Y145S,NS3 V256I,Spike N501Y,NS8 T11K,NSP5 K90R,NS8 S67F,NS8 P38S,NSP3 T720I,NSP4 T492I)"
UPLOAD|hCoV-19/USA/FL-CDC-ASC210107833/2021|EPI_ISL_4365657|2021-06-05,1,5,,"A23250G,C14288T,C170T,C2959T,C987T,G25403T,A22910T,G22859A,T987C,T25403G,A3349G,C9927T,A12948T,T18905C,G22449A,A26332T,C28718T,A28103T,C5948T,C23451A,G25403T,T14288C,C21701T,C27759A,C27839T,C27927T,A11343G,C14288T,G24255A,C4794T,C17362T,C18747T,C20011T,T21848A,C16626A,G28209T,G18282T,A21846C,C13404T,A1244G,G1872A,C8705T,A25290G,C29499T",hCoV-19/Colombia/DC-INS-456716/2021,EPI_ISL_4196922,GH,B.1.621,8.0,"(Spike R346K,NSP14 V125F,Spike D614G,N L331F,NSP12 P323L,Spike E484K,NS3 Q57H,NSP6 Q160R,NSP13 P419S,NSP3 T237A,Spike D950N,N T205I,Spike Y144T,Spike T95I,Spike ins145N,Spike P681H,NSP13 P172H,NS3 V256I,NSP12 T26I,Spike N501Y,NS8 T11K,NS8 S67F,NS8 P38S,NSP3 T720I,NSP4 T492I)"
UPLOAD|hCoV-19/USA/FL-CDC-ASC210108622/2021|EPI_ISL_4365347|2021-06-09,1,5,,"A23250G,C14288T,C170T,C2959T,C987T,G25403T,A22910T,G22859A,T987C,T25403G,A3349G,C9927T,A12948T,T18905C,G22449A,A26332T,C28718T,A28103T,C5948T,C23451A,G25403T,T14288C,C21701T,C27759A,C27839T,C27927T,A11343G,C14288T,G24255A,C4794T,C17362T,C18747T,C20011T,T21848A,A21846C,C5107T,C17577T,G29603T,C11595T,C16884T,G25566T,G5543T,G25695T",hCoV-19/Colombia/BOY-INS-17422132569/2021,EPI_ISL_4197245,GH,B.1.621,5.0,"(Spike R346K,Spike D614G,NSP12 P323L,Spike E484K,NS3 Q57H,NSP6 Q160R,NSP13 P419S,NSP3 T237A,Spike D950N,N T205I,Spike Y144T,NSP13 P491S,Spike T95I,Spike ins145N,Spike P681H,NS3 V256I,Spike N501Y,NS8 T11K,NS8 S67F,NS8 P38S,NSP3 T720I,NSP4 T492I)"
UPLOAD|hCoV-19/USA/FL-CDC-ASC210108851/2021|EPI_ISL_4365750|2021-06-11,1,3,,"A23250G,C14288T,C170T,C2959T,C987T,G25403T,A22910T,G22859A,T987C,T25403G,A3349G,C9927T,A12948T,T18905C,G22449A,A26332T,C28718T,A28103T,C5948T,C23451A,G25403T,T14288C,C21701T,C27759A,C27839T,C27927T,A11343G,C14288T,G24255A,C4794T,C17362T,C18747T,C20011T,T21848A,A21846C,C5107T,C17577T,A6613G,C9018T,T22236A,G26007T,C20265T,C28488T,T29572C,T26007G,G377T,C8293T,T17112A",hCoV-19/USA/IA-SHL-1771783/2021,EPI_ISL_3672676,GH,B.1.621.1,4.0,"(Spike R346K,Spike D614G,NSP12 P323L,Spike E484K,NSP3 N1329D,NS3 N257H,NS3 Q57H,NSP6 Q160R,NSP13 P419S,NSP3 T237A,Spike D950N,N T205I,NS3 V259L,NSP4 T189I,NSP13 P491S,Spike Y144T,Spike T95I,Spike ins145N,Spike P681H,NSP15 S261L,NS3 V256I,Spike N501Y,NS8 T11K,NS8 S67F,NS8 P38S,NSP3 T720I,NSP4 T492I)"
UPLOAD|hCoV-19/USA/FL-CDC-ASC210109241/2021|EPI_ISL_4365757|2021-06-13,2,4,Multiple parsimony-optimal placements found. Placement done without high confidence.,"A23250G,C14288T,C170T,C2959T,C987T,G25403T,A22910T,G22859A,T987C,T25403G,A3349G,C9927T,A12948T,T18905C,G22449A,A26332T,C28718T,A28103T,C5948T,C23451A,G25403T,T14288C,C21701T,C27759A,C27839T,C27927T,A11343G,C14288T,G24255A,C4794T,C17362T,C18747T,C20011T,T21848A,A21846C,G3537A,C12216T,A12298G,G25896T",hCoV-19/USA/AR-CDC-4106635-001/2021,EPI_ISL_2179088,GH,B.1.621,7.0,"(Spike R346K,Spike D614G,NSP12 P323L,Spike E484K,NS3 Q57H,NSP6 Q160R,NSP13 P419S,NSP3 T237A,Spike D950N,N T205I,Spike Y144T,Spike T95I,Spike ins145N,Spike P681H,Spike Y145S,Spike N501Y,NS8 T11K,NS8 S67F,NS8 P38S,N E367Q,NSP3 T720I,NSP4 T492I)"
UPLOAD|hCoV-19/USA/FL-CDC-ASC210109718/2021|EPI_ISL_4364918|2021-06-16,1,1,,"A23250G,C14288T,C170T,C2959T,C987T,G25403T,A22910T,G22859A,T987C,T25403G,A3349G,C9927T,A12948T,T18905C,G22449A,A26332T,C28718T,A28103T,C5948T,C23451A,G25403T,T14288C,C21701T,C27759A,C27839T,C27927T,A11343G,C14288T,G24255A,C4794T,C17362T,C18747T,C20011T,T21848A,A21846C,G25998A,A26001T,G4319A,G15205T,A25998G,T26001A,A26650G",hCoV-19/Mexico/TAM-INMEGEN-22-22/2021,EPI_ISL_3827104,GH,B.1.621,5.0,"(Spike R346K,Spike D614G,NSP12 P323L,Spike E484K,NS3 Q57H,NSP6 Q160R,NSP13 P419S,NSP3 T237A,Spike D950N,N T205I,NSP3 A562T,Spike Y144T,Spike T95I,Spike ins145N,Spike P681H,Spike Y145S,NS3 V256I,NSP12 M629I,Spike N501Y,NS8 T11K,NS8 S67F,NS8 P38S,NSP3 T720I,NSP4 T492I)"
UPLOAD|hCoV-19/USA/FL-CDC-ASC210109746/2021|EPI_ISL_4365214|2021-06-16,1,7,,"A23250G,C14288T,C170T,C2959T,C987T,G25403T,A22910T,G22859A,T987C,T25403G,A3349G,C9927T,A12948T,T18905C,G22449A,A26332T,C28718T,A28103T,C5948T,C23451A,G25403T,T14288C,C21701T,C27759A,C27839T,C27927T,A11343G,C14288T,G24255A,C4794T,C17362T,C18747T,C20011T,T21848A,A21846C,G25998A,A26001T,G29229T,G25115T,G27597T,T19449C,C14776A,A15619G,G22336T,C23472A,A25998G,T26001A,G26593T",hCoV-19/Peru/LIM-INS-2687/2021,EPI_ISL_3654106,GH,B.1.621,9.0,"(Spike R346K,Spike Y144S,N D377Y,Spike D614G,NSP12 P323L,Spike E484K,Spike Y145N,NSP6 Q160R,NSP13 P419S,NS3 Q57H,NSP3 T237A,Spike D950N,N T205I,NSP1 H83del,Spike M1237I,NS7b E3stop,Spike T95I,Spike P681H,NS3 V256I,NSP1 V84del,NSP1 M85del,Spike N501Y,NSP4 T96I,NS8 T11K,NSP1 V86del,NSP1 G82del,NS8 S67F,NS8 P38S,NSP3 T720I,NSP4 T492I)"
UPLOAD|hCoV-19/USA/FL-CDC-ASC210110119/2021|EPI_ISL_4365941|2021-06-18,1,4,,"A23250G,C14288T,C170T,C2959T,C987T,G25403T,A22910T,G22859A,T987C,T25403G,A3349G,C9927T,A12948T,T18905C,G22449A,A26332T,C28718T,A28103T,C5948T,C23451A,G25403T,T14288C,C21701T,C27759A,C27839T,C27927T,A11343G,C14288T,G24255A,C4794T,C17362T,C18747T,C20011T,T21848A,A21846C,C10273T,C16251T,C17007T,A18731G",hCoV-19/USA/AR-CDC-4106635-001/2021,EPI_ISL_2179088,GH,B.1.621,7.0,"(Spike R346K,Spike D614G,NSP12 P323L,Spike E484K,NS3 Q57H,NSP6 Q160R,NSP13 P419S,NSP3 T237A,Spike D950N,N T205I,Spike Y144T,Spike T95I,Spike ins145N,Spike P681H,Spike Y145S,Spike N501Y,NS8 T11K,NS8 S67F,NS8 P38S,N E367Q,NSP3 T720I,NSP4 T492I)"
UPLOAD|hCoV-19/USA/FL-CDC-ASC210110120/2021|EPI_ISL_4365917|2021-06-18,1,6,,"A23250G,C14288T,C170T,C2959T,C987T,G25403T,A22910T,G22859A,T987C,T25403G,A3349G,C9927T,A12948T,T18905C,G22449A,A26332T,C28718T,A28103T,C5948T,C23451A,G25403T,T14288C,C21701T,C27759A,C27839T,C27927T,A11343G,C14288T,G24255A,C4794T,C17362T,C18747T,C20011T,T21848A,A21846C,G25998A,A26001T,C25548T,T28449A,G5246A,A23647G,C17156T,C23137T,C1119T,C17519T,C22928T,A25998G,T26001A,T27927C",hCoV-19/Spain/PV-HUD-78032262/2021,EPI_ISL_3761816,GH,B.1.621,13.0,"(Spike R346K,Spike D614G,NSP12 P323L,NSP3 K1077N,Spike E484K,Spike C1248F,NSP6 Q160R,NSP13 P419S,NS3 Q57H,NSP3 T237A,Spike D950N,NSP2 H208Y,N T205I,NS3 L106F,Spike Y144T,NSP3 P985S,Spike T95I,Spike ins145N,Spike P681H,Spike Y145S,NS3 V256I,NSP13 S350L,Spike N501Y,Spike H1101Y,NS7b L32F,NS8 T11K,NS8 S67F,NS8 P38S,NSP3 T720I,NSP4 T492I)"
UPLOAD|hCoV-19/USA/FL-CDC-ASC210110364/2021|EPI_ISL_4366280|2021-06-20,1,1,,"A23250G,C14288T,C170T,C2959T,C987T,G25403T,A22910T,G22859A,T987C,T25403G,A3349G,C9927T,A12948T,T18905C,G22449A,A26332T,C28718T,A28103T,C5948T,C23451A,G25403T,T14288C,C21701T,C27759A,C27839T,C27927T,A11343G,C14288T,G24255A,C4794T,C17362T,C18747T,C20011T,T21848A,A21846C,G25998A,A26001T,A14880G,C18905T,T17996A,C6557T,G4876T,A25998G,T26001A,C3018T,T5097C,G6038A,T16264C,T21293C,C21450T,G28209T,A29102T,T18181C",hCoV-19/Colombia/DC-UNIANDES-G026356/2021,EPI_ISL_4198491,GH,B.1.621,12.0,"(Spike R346K,Spike D614G,NSP12 P323L,Spike E484K,NS3 Q57H,NSP13 P419S,NSP6 Q160R,NSP3 A1310V,NSP3 T237A,Spike D950N,N T205I,Spike Y144T,NSP12 Y521C,Spike T95I,Spike ins145N,Spike P681H,NS3 V256I,Spike N501Y,NS8 T11K,NS8 S67F,NS8 P38S,NSP3 T720I,NSP4 T492I)"
UPLOAD|hCoV-19/USA/FL-CDC-ASC210110893/2021|EPI_ISL_4365153|2021-07-02,1,1,,"A23250G,C14288T,C170T,C2959T,C987T,G25403T,A22910T,G22859A,T987C,T25403G,A3349G,C9927T,A12948T,T18905C,G22449A,A26332T,C28718T,A28103T,C5948T,C23451A,G25403T,T14288C,C21701T,C27759A,C27839T,C27927T,A11343G,C14288T,G24255A,C4794T,C17362T,C18747T,C20011T,T21848A,A21846C,G25998A,A26001T,G4319A,G15205T,A25998G,T26001A,C2898T",hCoV-19/Mexico/TAM-INMEGEN-22-22/2021,EPI_ISL_3827104,GH,B.1.621,5.0,"(Spike R346K,Spike D614G,NSP12 P323L,Spike E484K,NS3 Q57H,NSP6 Q160R,NSP13 P419S,NSP3 T237A,Spike D950N,N T205I,NSP3 A562T,Spike Y144T,Spike T95I,Spike ins145N,Spike P681H,Spike Y145S,NS3 V256I,NSP12 M629I,Spike N501Y,NS8 T11K,NS8 S67F,NS8 P38S,NSP3 T720I,NSP4 T492I)"
UPLOAD|hCoV-19/USA/FL-CDC-ASC210111500/2021|EPI_ISL_4366420|2021-07-03,1,4,,"A23250G,C14288T,C170T,C2959T,C987T,G25403T,A22910T,G22859A,T987C,T25403G,A3349G,C9927T,A12948T,T18905C,G22449A,A26332T,C28718T,A28103T,C5948T,C23451A,G25403T,T14288C,C21701T,C27759A,C27839T,C27927T,A11343G,C14288T,G24255A,C4794T,C17362T,C18747T,C20011T,T21848A,A21846C,G25998A,A26001T,A14880G,C18905T,T17996A,C6557T,G4876T,A25998G,T26001A,C1685T,C2584T,T4876G,C10175T",hCoV-19/Colombia/DC-UNIANDES-G026356/2021,EPI_ISL_4198491,GH,B.1.621,7.0,"(Spike R346K,Spike D614G,NSP12 P323L,Spike E484K,NS3 Q57H,NSP13 P419S,NSP6 Q160R,NSP3 A1310V,NSP3 T237A,Spike D950N,N T205I,Spike Y144T,NSP12 Y521C,Spike T95I,Spike ins145N,Spike P681H,NS3 V256I,Spike N501Y,NS8 T11K,NS8 S67F,NS8 P38S,NSP3 T720I,NSP4 T492I)"
UPLOAD|hCoV-19/USA/FL-CDC-ASC210153701/2021|EPI_ISL_4365430|2021-06-23,1,5,,"A23250G,C14288T,C170T,C2959T,C987T,G25403T,A22910T,G22859A,T987C,T25403G,A3349G,C9927T,A12948T,T18905C,G22449A,A26332T,C28718T,A28103T,C5948T,C23451A,G25403T,T14288C,C21701T,C27759A,C27839T,C27927T,A11343G,C14288T,G24255A,C4794T,C17362T,C18747T,C20011T,T21848A,A21846C,C5107T,C17577T,A6613G,C9018T,T22236A,G26007T,C20265T,C28488T,T29572C,T26007G,C2408T,T4801C,G17528T,G28703A",hCoV-19/USA/IA-SHL-1771783/2021,EPI_ISL_3672676,GH,B.1.621.1,5.0,"(Spike R346K,Spike D614G,NSP12 P323L,Spike E484K,NSP3 N1329D,NS3 N257H,NS3 Q57H,NSP6 Q160R,NSP13 P419S,NSP3 T237A,Spike D950N,N T205I,NS3 V259L,NSP4 T189I,NSP13 P491S,Spike Y144T,Spike T95I,Spike ins145N,Spike P681H,NSP15 S261L,NS3 V256I,Spike N501Y,NS8 T11K,NS8 S67F,NS8 P38S,NSP3 T720I,NSP4 T492I)"
UPLOAD|hCoV-19/USA/FL-CDC-ASC210154408/2021|EPI_ISL_4366523|2021-06-25,2,6,Multiple parsimony-optimal placements found. Placement done without high confidence.,"A23250G,C14288T,C170T,C2959T,C987T,G25403T,A22910T,G22859A,T987C,T25403G,A3349G,C9927T,A12948T,T18905C,G22449A,A26332T,C28718T,A28103T,C5948T,C23451A,G25403T,T14288C,C21701T,C27759A,C27839T,C27927T,A11343G,C14288T,G24255A,C4794T,C17362T,C18747T,C20011T,T21848A,A21846C,C5107T,C17577T,A6613G,C9018T,T22236A,G26007T,C20265T,C28488T,T29572C,G27920T,C24628T,G3611T,G15609T,C16269T,T26007G,G27996T,G29603T",hCoV-19/USA/NC-CDC-ASC210242732/2021,EPI_ISL_4186511,GH,B.1.621.1,9.0,"(Spike R346K,NSP3 S126P,Spike D614G,NSP12 P323L,NSP3 N1329D,Spike E484K,NS3 N257H,NSP6 Q160R,NSP13 P419S,NS3 Q57H,NSP3 T237A,Spike D950N,N T205I,NSP3 S1424F,NS3 V259L,NSP4 T189I,NSP13 P491S,Spike Y144T,Spike T95I,Spike ins145N,Spike P681H,NSP15 S261L,Spike Y145S,NS3 V256I,Spike N501Y,NS8 T11K,NS8 P38S,NSP3 T720I,NSP4 T492I)"
UPLOAD|hCoV-19/USA/FL-CDC-ASC210154596/2021|EPI_ISL_4365841|2021-06-26,1,10,,"A23250G,C14288T,C170T,C2959T,C987T,G25403T,A22910T,G22859A,T987C,T25403G,A3349G,C9927T,A12948T,T18905C,G22449A,A26332T,C28718T,A28103T,C5948T,C23451A,G25403T,T14288C,C21701T,C27759A,C27839T,C27927T,A11343G,C14288T,G24255A,C4794T,C17362T,C18747T,C20011T,T21848A,A21846C,G25998A,A26001T,A14880G,C18905T,T17996A,C6557T,G4876T,A25998G,T26001A,C3018T,T5097C,G6038A,T16264C,T21293C,C21450T,G28209T,A29102T",hCoV-19/Colombia/DC-UNIANDES-G026356/2021,EPI_ISL_4198491,GH,B.1.621,11.0,"(Spike R346K,Spike D614G,NSP12 P323L,Spike E484K,NS3 Q57H,NSP13 P419S,NSP6 Q160R,NSP3 A1310V,NSP3 T237A,Spike D950N,N T205I,Spike Y144T,NSP12 Y521C,Spike T95I,Spike ins145N,Spike P681H,NS3 V256I,Spike N501Y,NS8 T11K,NS8 S67F,NS8 P38S,NSP3 T720I,NSP4 T492I)"
UPLOAD|hCoV-19/USA/FL-CDC-ASC210154680/2021|EPI_ISL_4365895|2021-06-29,1,3,,"A23250G,C14288T,C170T,C2959T,C987T,G25403T,A22910T,G22859A,T987C,T25403G,A3349G,C9927T,A12948T,T18905C,G22449A,A26332T,C28718T,A28103T,C5948T,C23451A,G25403T,T14288C,C21701T,C27759A,C27839T,C27927T,A11343G,C14288T,G24255A,C4794T,C17362T,C18747T,C20011T,T21848A,C16626A,G28209T,G18282T,A21846C,C17847T,C28824A,C1456T,A15145T,G25481T,C26697T,G29303T,C8057T,C26180T,G27801T",hCoV-19/Spain/CL-COV09453/2021,EPI_ISL_3646355,GH,B.1.621,7.0,"(Spike R346K,NSP14 V125F,N Q241K,Spike D614G,NSP12 P323L,Spike E484K,N K374N,Spike Y145N,NS3 L83F,NSP6 Q160R,NSP13 P419S,NS3 Q57H,NSP3 T237A,Spike D950N,N T205I,Spike L176F,NSP3 T48I,Spike T95I,Spike P681H,NSP13 P172H,NS3 V256I,Spike N501Y,NSP13 L581F,NS8 T11K,NS8 S67F,NS8 P38S,NSP3 T720I,N D402Y,NSP4 T492I)"
UPLOAD|hCoV-19/USA/FL-CDC-ASC210162278/2021|EPI_ISL_4365950|2021-07-21,1,0,,"A23250G,C14288T,C170T,C2959T,C987T,G25403T,A22910T,G22859A,T987C,T25403G,A3349G,C9927T,A12948T,T18905C,G22449A,A26332T,C28718T,A28103T,C5948T,C23451A,G25403T,T14288C,C21701T,C27759A,C27839T,C27927T,A11343G,C14288T,G24255A,C4794T,C17362T,C18747T,C20011T,T21848A,A21846C,C5107T,C17577T,A6613G,C9018T,T22236A,G26007T,C20265T,C28488T,T29572C,G27920T,C1991T,T26007G,C29077T",hCoV-19/USA/FL-CDC-ASC210247163/2021,EPI_ISL_3851709,GH,B.1.621.1,3.0,"(Spike R346K,Spike D614G,NSP12 P323L,NSP3 N1329D,Spike E484K,NS3 N257H,NSP6 Q160R,NSP13 P419S,NS3 Q57H,NSP3 T237A,Spike D950N,N T205I,NS3 V259L,NSP4 T189I,NSP13 P491S,Spike Y144T,Spike T95I,Spike ins145N,Spike P681H,NSP15 S261L,Spike Y145S,NS3 V256I,Spike N501Y,NS8 T11K,NS8 S67F,NS8 P38S,NSP3 T720I,NS8 A65S,NSP4 T492I)"
UPLOAD|hCoV-19/USA/FL-CDC-ASC210162279/2021|EPI_ISL_4364948|2021-07-21,1,2,,"A23250G,C14288T,C170T,C2959T,C987T,G25403T,A22910T,G22859A,T987C,T25403G,A3349G,C9927T,A12948T,T18905C,G22449A,A26332T,C28718T,A28103T,C5948T,C23451A,G25403T,T14288C,C21701T,C27759A,C27839T,C27927T,A11343G,C14288T,G24255A,C4794T,C17362T,C18747T,C20011T,T21848A,A21846C,C5107T,C17577T,A6613G,C9018T,T22236A,G26007T,C20265T,C28488T,T29572C,G27920T,C1991T,T26007G,C29077T",hCoV-19/USA/FL-CDC-ASC210247163/2021,EPI_ISL_3851709,GH,B.1.621.1,3.0,"(Spike R346K,Spike D614G,NSP12 P323L,NSP3 N1329D,Spike E484K,NS3 N257H,NSP6 Q160R,NSP13 P419S,NS3 Q57H,NSP3 T237A,Spike D950N,N T205I,NS3 V259L,NSP4 T189I,NSP13 P491S,Spike Y144T,Spike T95I,Spike ins145N,Spike P681H,NSP15 S261L,Spike Y145S,NS3 V256I,Spike N501Y,NS8 T11K,NS8 S67F,NS8 P38S,NSP3 T720I,NS8 A65S,NSP4 T492I)"
UPLOAD|hCoV-19/USA/FL-CDC-QDX24155165/2021|EPI_ISL_4366450|2021-04-21,1,1,,"A23250G,C14288T,C170T,C2959T,C987T,G25403T,A22910T,G22859A,T987C,T25403G,A3349G,C9927T,A12948T,T18905C,G22449A,A26332T,C28718T,A28103T,C5948T,C23451A,G25403T,T14288C,C21701T,C27759A,C27839T,C27927T,A11343G,C14288T,G24255A,C4794T,C17362T,C18747T,C20011T,A3300G,A14880G,G16893T,C19897T,C20870T,C25292G,T25426C,T28084C,A28086C,C29380T,A21846C,T21848A,C20939T",hCoV-19/Colombia/DC-INS-389464/2021,EPI_ISL_4196885,GH,B.1.621,18.0,"(Spike R346K,NSP14 V125F,Spike D614G,NSP12 P323L,Spike E484K,NS3 Q57H,NSP6 Q160R,NSP13 P419S,NSP3 T237A,Spike D950N,N T205I,Spike Y144T,Spike T95I,Spike ins145N,Spike P681H,NSP13 P172H,NS3 V256I,Spike N501Y,NS8 T11K,NS8 S67F,NS8 P38S,NSP3 T720I,NSP4 T492I)"
UPLOAD|hCoV-19/USA/FL-CDC-QDX24365411/2021|EPI_ISL_4366555|2021-04-27,1,0,,"A23250G,C14288T,C170T,C2959T,C987T,G25403T,A22910T,G22859A,T987C,T25403G,A3349G,C9927T,A12948T,T18905C,G22449A,A26332T,C28718T,A28103T,C5948T,C23451A,G25403T,T14288C,C21701T,C27759A,C27839T,C27927T,A11343G,C14288T,G24255A,C4794T,C17362T,C18747T,C20011T,T21848A,C16626A,G28209T,G18282T,A21846C,C17847T,C28824A,T28809A,C19425T",hCoV-19/Chile/AN-125788/2021,EPI_ISL_3185789,GH,B.1.621,4.0,"(Spike R346K,NS7a I110N,Spike Y144S,NSP14 V125F,NS7a Q62H,Spike D614G,NSP12 P323L,Spike E484K,Spike Y145N,NS3 Q57H,NSP6 Q160R,NSP13 P419S,NS7a L102Y,NSP3 T237A,N T205I,Spike D950B,NS6 L4H,NS7a F114H,NS7a V104C,Spike T95I,Spike P681H,NSP13 P172H,NS3 V256I,NS7a A106N,NS7a I100F,NS7a F109Y,NS7a C113L,NS7a R118K,NS7a F101S,Spike N501Y,NSP13 L581F,NS8 T11K,NS7a L116Q,NSP7 D38G,NS7a A105G,NS8 P38S,NSP3 T720I,NS7a F63del,NS7a P99N,NSP4 T492I,NS7a Y97del,NS7a I107S,NS7a I103C)"
UPLOAD|hCoV-19/USA/FL-CDC-QDX24476651/2021|EPI_ISL_4366381|2021-04-30,1,1,,"A23250G,C14288T,C170T,C2959T,C987T,G25403T,A22910T,G22859A,T987C,T25403G,A3349G,C9927T,A12948T,T18905C,G22449A,A26332T,C28718T,A28103T,C5948T,C23451A,G25403T,T14288C,C21701T,C27759A,C27839T,C27927T,A11343G,C14288T,G24255A,C4794T,C17362T,C18747T,C20011T,A3300G,A14880G,G16893T,C19897T,C20870T,C25292G,T25426C,T28084C,A28086C,C29380T,A21846C,T21848A,G29249A",hCoV-19/Colombia/DC-INS-389464/2021,EPI_ISL_4196885,GH,B.1.621,18.0,"(Spike R346K,NSP14 V125F,Spike D614G,NSP12 P323L,Spike E484K,NS3 Q57H,NSP6 Q160R,NSP13 P419S,NSP3 T237A,Spike D950N,N T205I,Spike Y144T,Spike T95I,Spike ins145N,Spike P681H,NSP13 P172H,NS3 V256I,Spike N501Y,NS8 T11K,NS8 S67F,NS8 P38S,NSP3 T720I,NSP4 T492I)"
UPLOAD|hCoV-19/USA/FL-CDC-QDX24713307/2021|EPI_ISL_4366253|2021-05-06,1,0,,"A23250G,C14288T,C170T,C2959T,C987T,G25403T,A22910T,G22859A,T987C,T25403G,A3349G,C9927T,A12948T,T18905C,G22449A,A26332T,C28718T,A28103T,C5948T,C23451A,G25403T,T14288C,C21701T,C27759A,C27839T,C27927T,A11343G,C14288T,G24255A,C4794T,C17362T,C18747T,C20011T,T21848A,A21846C,C5107T,C17577T,G29603T,C11595T,C16884T,G25566T",hCoV-19/Colombia/BOY-INS-17422132569/2021,EPI_ISL_4197245,GH,B.1.621,3.0,"(Spike R346K,Spike D614G,NSP12 P323L,Spike E484K,NS3 Q57H,NSP6 Q160R,NSP13 P419S,NSP3 T237A,Spike D950N,N T205I,Spike Y144T,NSP13 P491S,Spike T95I,Spike ins145N,Spike P681H,NS3 V256I,Spike N501Y,NS8 T11K,NS8 S67F,NS8 P38S,NSP3 T720I,NSP4 T492I)"
UPLOAD|hCoV-19/USA/FL-CDC-QDX25434188/2021|EPI_ISL_4366508|2021-05-30,1,0,,"A23250G,C14288T,C170T,C2959T,C987T,G25403T,A22910T,G22859A,T987C,T25403G,A3349G,C9927T,A12948T,T18905C,G22449A,A26332T,C28718T,A28103T,C5948T,C23451A,G25403T,T14288C,C21701T,C27759A,C27839T,C27927T,A11343G,C14288T,G24255A,C4794T,C17362T,C18747T,C20011T,T21848A,A21846C,G25998A,A26001T,A14880G,G16893T,C25292G,C27366T,C26445T,G6439A,C18265T,C24889T,A25998G,T26001A",hCoV-19/Chile/TA-136291/2021,EPI_ISL_3987639,GH,B.1.621,5.0,"(Spike R346K,Spike Y144S,Spike D614G,NSP12 P323L,Spike E484K,NSP13 E261D,Spike Y145N,NS3 Q57H,NSP6 Q160R,NSP13 P419S,NSP3 T237A,N T205I,Spike D950B,NSP12 Y521C,Spike T95I,Spike P681H,NS3 V256I,Spike N501Y,NS8 T11K,NS8 P38S,NSP3 T720I,NS3 I20M,NSP4 T492I)"
UPLOAD|hCoV-19/USA/FL-CDC-QDX25848067/2021|EPI_ISL_4366327|2021-06-10,1,3,,"A23250G,C14288T,C170T,C2959T,C987T,G25403T,A22910T,G22859A,T987C,T25403G,A3349G,C9927T,A12948T,T18905C,G22449A,A26332T,C28718T,A28103T,C5948T,C23451A,G25403T,T14288C,C21701T,C27759A,C27839T,C27927T,A11343G,C14288T,G24255A,C4794T,C17362T,C18747T,C20011T,T21848A,A21846C,C5107T,C17577T,A6613G,C9018T,T22236A,G26007T,C20265T,C28488T,T29572C,G27920T,G6613A,T20011C,C25454T,T26007G",hCoV-19/USA/MD-CDC-LC0169208/2021,EPI_ISL_3678088,GH,B.1.621,5.0,"(Spike R346K,NS8 K68E,Spike D614G,NS8 G66del,NSP12 P323L,Spike E484K,NSP8 T148I,NS3 N257H,NS3 Q57H,NSP6 Q160R,NSP13 P419S,NSP3 T237A,Spike D950N,N T205I,NS8 A65del,NS3 V259L,NSP4 T189I,NSP13 P491S,Spike Y144T,Spike T95I,Spike ins145N,Spike P681H,NSP15 S261L,Spike Y145S,NS3 V256I,Spike N501Y,NS8 T11K,NS8 P38S,NSP3 T720I,NSP4 T492I)"
UPLOAD|hCoV-19/USA/FL-CDC-QDX25848114/2021|EPI_ISL_4366649|2021-06-12,1,3,,"A23250G,C14288T,C170T,C2959T,C987T,G25403T,A22910T,G22859A,T987C,T25403G,A3349G,C9927T,A12948T,T18905C,G22449A,A26332T,C28718T,A28103T,C5948T,C23451A,G25403T,T14288C,C21701T,C27759A,C27839T,C27927T,A11343G,C14288T,G24255A,C4794T,C17362T,C18747T,C20011T,T21848A,A21846C,G25998A,A26001T,G4319A,G15205T,A25998G,T26001A,G25625T,G27911T,T27952C",hCoV-19/Mexico/TAM-INMEGEN-22-22/2021,EPI_ISL_3827104,GH,B.1.621,7.0,"(Spike R346K,Spike D614G,NSP12 P323L,Spike E484K,NS3 Q57H,NSP6 Q160R,NSP13 P419S,NSP3 T237A,Spike D950N,N T205I,NSP3 A562T,Spike Y144T,Spike T95I,Spike ins145N,Spike P681H,Spike Y145S,NS3 V256I,NSP12 M629I,Spike N501Y,NS8 T11K,NS8 S67F,NS8 P38S,NSP3 T720I,NSP4 T492I)"
UPLOAD|hCoV-19/USA/FL-CDC-QDX26118037/2021|EPI_ISL_4366361|2021-06-21,1,2,,"A23250G,C14288T,C170T,C2959T,C987T,G25403T,A22910T,G22859A,T987C,T25403G,A3349G,C9927T,A12948T,T18905C,G22449A,A26332T,C28718T,A28103T,C5948T,C23451A,G25403T,T14288C,C21701T,C27759A,C27839T,C27927T,A11343G,C14288T,G24255A,C4794T,C17362T,C18747T,C20011T,T21848A,A21846C,G25998A,A26001T,A17485G,A20482G,T2773C,A25998G,T26001A",hCoV-19/USA/FL-CDC-ASC210268967/2021,EPI_ISL_3857187,GH,B.1.621,3.0,"(Spike R346K,Spike D614G,NSP12 P323L,NSP15 K334E,Spike E484K,NS3 Q57H,NSP6 Q160R,NSP13 P419S,NSP3 T237A,Spike D950N,N T205I,Spike Y144T,Spike T95I,Spike ins145N,Spike P681H,Spike Y145S,NS3 V256I,Spike N501Y,NS8 T11K,NSP13 K460R,NS8 S67F,NS8 P38S,NSP3 T720I,NSP4 T492I)"
UPLOAD|hCoV-19/USA/FL-CDC-QDX26177921/2021|EPI_ISL_4366259|2021-06-23,3,7,Multiple parsimony-optimal placements found. Placement done without high confidence.,"A23250G,C14288T,C170T,C2959T,C987T,G25403T,A22910T,G22859A,T987C,T25403G,A3349G,C9927T,A12948T,T18905C,G22449A,A26332T,C28718T,A28103T,C5948T,C23451A,G25403T,T14288C,C21701T,C27759A,C27839T,C27927T,A11343G,C14288T,G24255A,C4794T,C17362T,C18747T,C20011T,T21848A,A21846C,G25998A,A26001T,A14880G,G16893T,C25292G,C757T,C5981T,C6221T,C24229T,A25998G,T26001A,C27342T",hCoV-19/Colombia/DC-INS-1911803/2021,EPI_ISL_4212169,GH,B.1.621,8.0,"(Spike R346K,Spike D614G,NSP12 P323L,Spike E484K,NSP13 E261D,NS3 Q57H,NSP6 Q160R,NSP13 P419S,NSP3 T237A,Spike D950N,N T205I,Spike Y144T,NSP12 Y521C,Spike T95I,Spike ins145N,Spike P681H,NS3 V256I,Spike N501Y,NS8 T11K,NS8 S67F,NS8 P38S,Spike T572I,NSP3 T720I,NS3 I20M,NSP4 T492I)"
UPLOAD|hCoV-19/USA/FL-CDC-QDX26257841/2021|EPI_ISL_4366242|2021-06-25,2,1,Multiple parsimony-optimal placements found. Placement done without high confidence.,"A23250G,C14288T,C170T,C2959T,C987T,G25403T,A22910T,G22859A,T987C,T25403G,A3349G,C9927T,A12948T,T18905C,G22449A,A26332T,C28718T,A28103T,C5948T,C23451A,G25403T,T14288C,C21701T,C27759A,C27839T,C27927T,A11343G,C14288T,G24255A,C4794T,C17362T,C18747T,C20011T,T21848A,C16626A,G28209T,G18282T,A21846C,C17847T,C28824A,T28809A,C10433T,G11500A,C13746T,C19425T",hCoV-19/USA/GA-CDC-ASC210239275/2021,EPI_ISL_3855473,GH,B.1.621,1.0,"(Spike R346K,NSP14 V125F,N Q241K,Spike D614G,NSP12 P323L,Spike E484K,NSP6 Q160R,NSP13 P419S,NS3 Q57H,NSP3 T237A,NSP12 T141I,Spike D950N,N T205I,Spike Y144T,Spike T95I,Spike ins145N,Spike P681H,NSP13 P172H,Spike Y145S,NS3 V256I,NSP6 V213I,Spike N501Y,NSP13 L581F,NS8 T11K,NS8 S67F,NS8 P38S,NSP3 T720I,NSP4 T492I)"
UPLOAD|hCoV-19/USA/FL-CDC-QDX26408911/2021|EPI_ISL_4366354|2021-06-30,1,7,,"A23250G,C14288T,C170T,C2959T,C987T,G25403T,A22910T,G22859A,T987C,T25403G,A3349G,C9927T,A12948T,T18905C,G22449A,A26332T,C28718T,A28103T,C5948T,C23451A,G25403T,T14288C,C21701T,C27759A,C27839T,C27927T,A11343G,C14288T,G24255A,C4794T,C17362T,C18747T,C20011T,T21848A,A21846C,G25998A,A26001T,A14880G,C18905T,T17996A,C6557T,G15284T,G27882T,C9042T,C10902T,G21496A,C23038T,C25273T,A25998G,T26001A",hCoV-19/Spain/CL-COV09392/2021,EPI_ISL_3646351,GH,B.1.621,10.0,"(Spike R346K,Spike D614G,NSP12 P323L,Spike E484K,Spike Y145N,NS3 Q57H,NSP13 P419S,NSP6 Q160R,NSP3 A1310V,NSP3 T237A,Spike D950N,N T205I,NSP3 S1475I,NSP12 Y521C,Spike T95I,NSP12 A656S,Spike P681H,NS3 V256I,NS8 R52I,Spike N501Y,NS8 T11K,NS8 S67F,NS8 P38S,NSP3 T720I,NSP4 T492I)"
